/*
Navicat MySQL Data Transfer

Source Server         : localhost
Source Server Version : 50045
Source Host           : localhost:3306
Source Database       : test

Target Server Type    : MYSQL
Target Server Version : 50045
File Encoding         : 65001

Date: 2012-08-15 11:49:07
*/

SET FOREIGN_KEY_CHECKS=0;

-- ----------------------------
-- Table structure for `admins`
-- ----------------------------
DROP TABLE IF EXISTS `admins`;
CREATE TABLE `admins` (
  `ADMIN_ID` int(11) NOT NULL auto_increment COMMENT '管理员ID: 主键 自增',
  `USER_NAME` varchar(32) NOT NULL COMMENT '用户名',
  `USER_PWD` varchar(32) NOT NULL COMMENT '密码',
  `GROUP_ID` int(11) default NULL COMMENT '权限ID:外键',
  PRIMARY KEY  (`ADMIN_ID`),
  UNIQUE KEY `PK_ADMINS` USING BTREE (`ADMIN_ID`),
  KEY `FK_ADMINS` (`GROUP_ID`),
  KEY `IDX_ADMINS1` (`USER_NAME`),
  CONSTRAINT `FK_ADMINS` FOREIGN KEY (`GROUP_ID`) REFERENCES `admin_group` (`GROUP_ID`) ON DELETE CASCADE ON UPDATE CASCADE
) ENGINE=InnoDB AUTO_INCREMENT=1000122 DEFAULT CHARSET=utf8 COMMENT='后台用户表';

-- ----------------------------
-- Records of admins
-- ----------------------------
INSERT INTO `admins` VALUES ('10000', 'administrator', '667230C2491C13ECE37F4B89F00089CE', null);
INSERT INTO `admins` VALUES ('10001', 'cpuser', 'E10ADC3949BA59ABBE56E057F20F883E', null);
INSERT INTO `admins` VALUES ('1000001', 'weilingfeng', '8AEEF71738F37E44BF435452B36DD40B', '1000002');
INSERT INTO `admins` VALUES ('1000002', 'liuxiaoting', '8AEEF71738F37E44BF435452B36DD40B', '1000002');
INSERT INTO `admins` VALUES ('1000003', 'wangmiao', '0D0589CD78709802A64A9A4580AE6789', '1000002');
INSERT INTO `admins` VALUES ('1000021', 'tangtuo', 'E10ADC3949BA59ABBE56E057F20F883E', '1000002');
INSERT INTO `admins` VALUES ('1000041', 'tanght', 'E10ADC3949BA59ABBE56E057F20F883E', '1000021');
INSERT INTO `admins` VALUES ('1000042', 'liumx', '52C69E3A57331081823331C4E69D3F2E', '1000001');
INSERT INTO `admins` VALUES ('1000061', 'zhaoqing', '8AEEF71738F37E44BF435452B36DD40B', '1000002');
INSERT INTO `admins` VALUES ('1000081', 'zhouyan', '8AEEF71738F37E44BF435452B36DD40B', '1000041');
INSERT INTO `admins` VALUES ('1000083', 'tanlishuang', '8AEEF71738F37E44BF435452B36DD40B', '1000002');
INSERT INTO `admins` VALUES ('1000101', 'zhangheyue', '8AEEF71738F37E44BF435452B36DD40B', '1000041');
INSERT INTO `admins` VALUES ('1000102', 'limeng', '8AEEF71738F37E44BF435452B36DD40B', '1000041');
INSERT INTO `admins` VALUES ('1000103', 'tankehui', '8AEEF71738F37E44BF435452B36DD40B', '1000041');
INSERT INTO `admins` VALUES ('1000121', 'zhangyihang', '8AEEF71738F37E44BF435452B36DD40B', '1000001');

-- ----------------------------
-- Table structure for `admin_group`
-- ----------------------------
DROP TABLE IF EXISTS `admin_group`;
CREATE TABLE `admin_group` (
  `GROUP_ID` int(11) NOT NULL auto_increment COMMENT '角色组ID	:主键	自增',
  `GROUP_NAME` varchar(128) NOT NULL COMMENT '角色组名称 :必填\r\n',
  `GROUP_DESC` text COMMENT '角色组摘要\r\n',
  PRIMARY KEY  (`GROUP_ID`),
  UNIQUE KEY `PK_ADMIN_GROUP` USING BTREE (`GROUP_ID`)
) ENGINE=InnoDB AUTO_INCREMENT=1000042 DEFAULT CHARSET=utf8 COMMENT='管理员角色表';

-- ----------------------------
-- Records of admin_group
-- ----------------------------
INSERT INTO `admin_group` VALUES ('1000001', 'editor', 'editor');
INSERT INTO `admin_group` VALUES ('1000002', 'intern', 'intern');
INSERT INTO `admin_group` VALUES ('1000021', 'admin', '管理员组');
INSERT INTO `admin_group` VALUES ('1000041', '运营', '运营小组实习生相关权限');

-- ----------------------------
-- Table structure for `admin_group_limit`
-- ----------------------------
DROP TABLE IF EXISTS `admin_group_limit`;
CREATE TABLE `admin_group_limit` (
  `GROUP_LIMIT_ID` int(11) NOT NULL auto_increment COMMENT '角色权限ID 主键 自增',
  `GROUP_ID` int(11) NOT NULL COMMENT '外键 必填',
  `LIMIT_ID` int(11) NOT NULL COMMENT '外键 必填',
  PRIMARY KEY  (`GROUP_LIMIT_ID`),
  UNIQUE KEY `PK_ADMIN_GROUP_LIMIT` USING BTREE (`GROUP_LIMIT_ID`),
  UNIQUE KEY `UK_ADMIN_GROUP_LIMIT_01` (`GROUP_ID`,`LIMIT_ID`),
  KEY `FK_ADMIN_GROUP_LIMIT_02` (`LIMIT_ID`),
  CONSTRAINT `FK_ADMIN_GROUP_LIMIT_01` FOREIGN KEY (`GROUP_ID`) REFERENCES `admin_group` (`GROUP_ID`) ON DELETE CASCADE ON UPDATE CASCADE,
  CONSTRAINT `FK_ADMIN_GROUP_LIMIT_02` FOREIGN KEY (`LIMIT_ID`) REFERENCES `system_limit` (`LIMIT_ID`) ON DELETE CASCADE ON UPDATE CASCADE
) ENGINE=InnoDB AUTO_INCREMENT=1001141 DEFAULT CHARSET=utf8 COMMENT='管理员角色权限表';

-- ----------------------------
-- Records of admin_group_limit
-- ----------------------------
INSERT INTO `admin_group_limit` VALUES ('1000666', '1000001', '1000001');
INSERT INTO `admin_group_limit` VALUES ('1000544', '1000001', '1000012');
INSERT INTO `admin_group_limit` VALUES ('1000539', '1000001', '1000013');
INSERT INTO `admin_group_limit` VALUES ('1000540', '1000001', '1000014');
INSERT INTO `admin_group_limit` VALUES ('1000541', '1000001', '1000015');
INSERT INTO `admin_group_limit` VALUES ('1000545', '1000001', '1000016');
INSERT INTO `admin_group_limit` VALUES ('1000543', '1000001', '1000017');
INSERT INTO `admin_group_limit` VALUES ('1000542', '1000001', '1000018');
INSERT INTO `admin_group_limit` VALUES ('1000663', '1000001', '1001765');
INSERT INTO `admin_group_limit` VALUES ('1000587', '1000001', '1001766');
INSERT INTO `admin_group_limit` VALUES ('1000664', '1000001', '1001767');
INSERT INTO `admin_group_limit` VALUES ('1000643', '1000001', '1001768');
INSERT INTO `admin_group_limit` VALUES ('1000662', '1000001', '1001769');
INSERT INTO `admin_group_limit` VALUES ('1000669', '1000001', '1001770');
INSERT INTO `admin_group_limit` VALUES ('1000531', '1000001', '1001771');
INSERT INTO `admin_group_limit` VALUES ('1000572', '1000001', '1001772');
INSERT INTO `admin_group_limit` VALUES ('1000509', '1000001', '1001773');
INSERT INTO `admin_group_limit` VALUES ('1000549', '1000001', '1001774');
INSERT INTO `admin_group_limit` VALUES ('1000635', '1000001', '1001775');
INSERT INTO `admin_group_limit` VALUES ('1000592', '1000001', '1001776');
INSERT INTO `admin_group_limit` VALUES ('1000616', '1000001', '1001778');
INSERT INTO `admin_group_limit` VALUES ('1000578', '1000001', '1001779');
INSERT INTO `admin_group_limit` VALUES ('1000678', '1000001', '1001780');
INSERT INTO `admin_group_limit` VALUES ('1000607', '1000001', '1001781');
INSERT INTO `admin_group_limit` VALUES ('1000672', '1000001', '1001782');
INSERT INTO `admin_group_limit` VALUES ('1000665', '1000001', '1001783');
INSERT INTO `admin_group_limit` VALUES ('1000651', '1000001', '1001785');
INSERT INTO `admin_group_limit` VALUES ('1000590', '1000001', '1001787');
INSERT INTO `admin_group_limit` VALUES ('1000648', '1000001', '1001788');
INSERT INTO `admin_group_limit` VALUES ('1000520', '1000001', '1001789');
INSERT INTO `admin_group_limit` VALUES ('1000486', '1000001', '1001790');
INSERT INTO `admin_group_limit` VALUES ('1000585', '1000001', '1001791');
INSERT INTO `admin_group_limit` VALUES ('1000636', '1000001', '1001793');
INSERT INTO `admin_group_limit` VALUES ('1000660', '1000001', '1001794');
INSERT INTO `admin_group_limit` VALUES ('1000535', '1000001', '1001795');
INSERT INTO `admin_group_limit` VALUES ('1000550', '1000001', '1001796');
INSERT INTO `admin_group_limit` VALUES ('1000580', '1000001', '1001797');
INSERT INTO `admin_group_limit` VALUES ('1000487', '1000001', '1001798');
INSERT INTO `admin_group_limit` VALUES ('1000557', '1000001', '1001801');
INSERT INTO `admin_group_limit` VALUES ('1000591', '1000001', '1001802');
INSERT INTO `admin_group_limit` VALUES ('1000593', '1000001', '1001803');
INSERT INTO `admin_group_limit` VALUES ('1000526', '1000001', '1001806');
INSERT INTO `admin_group_limit` VALUES ('1000617', '1000001', '1001807');
INSERT INTO `admin_group_limit` VALUES ('1000608', '1000001', '1001808');
INSERT INTO `admin_group_limit` VALUES ('1000649', '1000001', '1001809');
INSERT INTO `admin_group_limit` VALUES ('1000597', '1000001', '1001811');
INSERT INTO `admin_group_limit` VALUES ('1000628', '1000001', '1001812');
INSERT INTO `admin_group_limit` VALUES ('1000629', '1000001', '1001813');
INSERT INTO `admin_group_limit` VALUES ('1000626', '1000001', '1001814');
INSERT INTO `admin_group_limit` VALUES ('1000579', '1000001', '1001816');
INSERT INTO `admin_group_limit` VALUES ('1000606', '1000001', '1001817');
INSERT INTO `admin_group_limit` VALUES ('1000489', '1000001', '1001818');
INSERT INTO `admin_group_limit` VALUES ('1000595', '1000001', '1001819');
INSERT INTO `admin_group_limit` VALUES ('1000627', '1000001', '1001821');
INSERT INTO `admin_group_limit` VALUES ('1000546', '1000001', '1001822');
INSERT INTO `admin_group_limit` VALUES ('1000558', '1000001', '1001824');
INSERT INTO `admin_group_limit` VALUES ('1000603', '1000001', '1001825');
INSERT INTO `admin_group_limit` VALUES ('1000482', '1000001', '1001827');
INSERT INTO `admin_group_limit` VALUES ('1000565', '1000001', '1001828');
INSERT INTO `admin_group_limit` VALUES ('1000640', '1000001', '1001829');
INSERT INTO `admin_group_limit` VALUES ('1000609', '1000001', '1001832');
INSERT INTO `admin_group_limit` VALUES ('1000634', '1000001', '1001833');
INSERT INTO `admin_group_limit` VALUES ('1000589', '1000001', '1001834');
INSERT INTO `admin_group_limit` VALUES ('1000610', '1000001', '1001835');
INSERT INTO `admin_group_limit` VALUES ('1000521', '1000001', '1001836');
INSERT INTO `admin_group_limit` VALUES ('1000598', '1000001', '1001837');
INSERT INTO `admin_group_limit` VALUES ('1000588', '1000001', '1001838');
INSERT INTO `admin_group_limit` VALUES ('1000611', '1000001', '1001839');
INSERT INTO `admin_group_limit` VALUES ('1000631', '1000001', '1001840');
INSERT INTO `admin_group_limit` VALUES ('1000641', '1000001', '1001841');
INSERT INTO `admin_group_limit` VALUES ('1000497', '1000001', '1001843');
INSERT INTO `admin_group_limit` VALUES ('1000652', '1000001', '1001844');
INSERT INTO `admin_group_limit` VALUES ('1000485', '1000001', '1001845');
INSERT INTO `admin_group_limit` VALUES ('1000511', '1000001', '1001846');
INSERT INTO `admin_group_limit` VALUES ('1000624', '1000001', '1001847');
INSERT INTO `admin_group_limit` VALUES ('1000654', '1000001', '1001849');
INSERT INTO `admin_group_limit` VALUES ('1000656', '1000001', '1001850');
INSERT INTO `admin_group_limit` VALUES ('1000512', '1000001', '1001852');
INSERT INTO `admin_group_limit` VALUES ('1000552', '1000001', '1001853');
INSERT INTO `admin_group_limit` VALUES ('1000604', '1000001', '1001855');
INSERT INTO `admin_group_limit` VALUES ('1000490', '1000001', '1001856');
INSERT INTO `admin_group_limit` VALUES ('1000653', '1000001', '1001857');
INSERT INTO `admin_group_limit` VALUES ('1000559', '1000001', '1001858');
INSERT INTO `admin_group_limit` VALUES ('1000484', '1000001', '1001859');
INSERT INTO `admin_group_limit` VALUES ('1000566', '1000001', '1001860');
INSERT INTO `admin_group_limit` VALUES ('1000560', '1000001', '1001861');
INSERT INTO `admin_group_limit` VALUES ('1000661', '1000001', '1001862');
INSERT INTO `admin_group_limit` VALUES ('1000522', '1000001', '1001863');
INSERT INTO `admin_group_limit` VALUES ('1000498', '1000001', '1001865');
INSERT INTO `admin_group_limit` VALUES ('1000513', '1000001', '1001866');
INSERT INTO `admin_group_limit` VALUES ('1000508', '1000001', '1001867');
INSERT INTO `admin_group_limit` VALUES ('1000677', '1000001', '1001869');
INSERT INTO `admin_group_limit` VALUES ('1000576', '1000001', '1001870');
INSERT INTO `admin_group_limit` VALUES ('1000492', '1000001', '1001871');
INSERT INTO `admin_group_limit` VALUES ('1000644', '1000001', '1001873');
INSERT INTO `admin_group_limit` VALUES ('1000532', '1000001', '1001874');
INSERT INTO `admin_group_limit` VALUES ('1000527', '1000001', '1001875');
INSERT INTO `admin_group_limit` VALUES ('1000573', '1000001', '1001876');
INSERT INTO `admin_group_limit` VALUES ('1000514', '1000001', '1001879');
INSERT INTO `admin_group_limit` VALUES ('1000523', '1000001', '1001880');
INSERT INTO `admin_group_limit` VALUES ('1000528', '1000001', '1001881');
INSERT INTO `admin_group_limit` VALUES ('1000569', '1000001', '1001882');
INSERT INTO `admin_group_limit` VALUES ('1000581', '1000001', '1001883');
INSERT INTO `admin_group_limit` VALUES ('1000499', '1000001', '1001884');
INSERT INTO `admin_group_limit` VALUES ('1000621', '1000001', '1001885');
INSERT INTO `admin_group_limit` VALUES ('1000563', '1000001', '1001886');
INSERT INTO `admin_group_limit` VALUES ('1000637', '1000001', '1001887');
INSERT INTO `admin_group_limit` VALUES ('1000553', '1000001', '1001888');
INSERT INTO `admin_group_limit` VALUES ('1000493', '1000001', '1001889');
INSERT INTO `admin_group_limit` VALUES ('1000575', '1000001', '1001890');
INSERT INTO `admin_group_limit` VALUES ('1000515', '1000001', '1001891');
INSERT INTO `admin_group_limit` VALUES ('1000633', '1000001', '1001893');
INSERT INTO `admin_group_limit` VALUES ('1000500', '1000001', '1001894');
INSERT INTO `admin_group_limit` VALUES ('1000612', '1000001', '1001895');
INSERT INTO `admin_group_limit` VALUES ('1000618', '1000001', '1001896');
INSERT INTO `admin_group_limit` VALUES ('1000494', '1000001', '1001897');
INSERT INTO `admin_group_limit` VALUES ('1000524', '1000001', '1001898');
INSERT INTO `admin_group_limit` VALUES ('1000668', '1000001', '1001899');
INSERT INTO `admin_group_limit` VALUES ('1000501', '1000001', '1001900');
INSERT INTO `admin_group_limit` VALUES ('1000488', '1000001', '1001901');
INSERT INTO `admin_group_limit` VALUES ('1000554', '1000001', '1001904');
INSERT INTO `admin_group_limit` VALUES ('1000584', '1000001', '1001905');
INSERT INTO `admin_group_limit` VALUES ('1000620', '1000001', '1001906');
INSERT INTO `admin_group_limit` VALUES ('1000671', '1000001', '1001909');
INSERT INTO `admin_group_limit` VALUES ('1000502', '1000001', '1001910');
INSERT INTO `admin_group_limit` VALUES ('1000645', '1000001', '1001911');
INSERT INTO `admin_group_limit` VALUES ('1000564', '1000001', '1001912');
INSERT INTO `admin_group_limit` VALUES ('1000561', '1000001', '1001913');
INSERT INTO `admin_group_limit` VALUES ('1000605', '1000001', '1001914');
INSERT INTO `admin_group_limit` VALUES ('1000623', '1000001', '1001915');
INSERT INTO `admin_group_limit` VALUES ('1000483', '1000001', '1001916');
INSERT INTO `admin_group_limit` VALUES ('1000622', '1000001', '1001917');
INSERT INTO `admin_group_limit` VALUES ('1000503', '1000001', '1001918');
INSERT INTO `admin_group_limit` VALUES ('1000504', '1000001', '1001920');
INSERT INTO `admin_group_limit` VALUES ('1000599', '1000001', '1001921');
INSERT INTO `admin_group_limit` VALUES ('1000505', '1000001', '1001922');
INSERT INTO `admin_group_limit` VALUES ('1000670', '1000001', '1001923');
INSERT INTO `admin_group_limit` VALUES ('1000529', '1000001', '1001925');
INSERT INTO `admin_group_limit` VALUES ('1000674', '1000001', '1001926');
INSERT INTO `admin_group_limit` VALUES ('1000600', '1000001', '1001927');
INSERT INTO `admin_group_limit` VALUES ('1000601', '1000001', '1001929');
INSERT INTO `admin_group_limit` VALUES ('1000555', '1000001', '1001930');
INSERT INTO `admin_group_limit` VALUES ('1000614', '1000001', '1001931');
INSERT INTO `admin_group_limit` VALUES ('1000538', '1000001', '1001932');
INSERT INTO `admin_group_limit` VALUES ('1000577', '1000001', '1001933');
INSERT INTO `admin_group_limit` VALUES ('1000495', '1000001', '1001934');
INSERT INTO `admin_group_limit` VALUES ('1000516', '1000001', '1001935');
INSERT INTO `admin_group_limit` VALUES ('1000536', '1000001', '1001936');
INSERT INTO `admin_group_limit` VALUES ('1000582', '1000001', '1001937');
INSERT INTO `admin_group_limit` VALUES ('1000583', '1000001', '1001938');
INSERT INTO `admin_group_limit` VALUES ('1000517', '1000001', '1001939');
INSERT INTO `admin_group_limit` VALUES ('1000632', '1000001', '1001940');
INSERT INTO `admin_group_limit` VALUES ('1000667', '1000001', '1001941');
INSERT INTO `admin_group_limit` VALUES ('1000675', '1000001', '1001942');
INSERT INTO `admin_group_limit` VALUES ('1000619', '1000001', '1001943');
INSERT INTO `admin_group_limit` VALUES ('1000496', '1000001', '1001944');
INSERT INTO `admin_group_limit` VALUES ('1000556', '1000001', '1001945');
INSERT INTO `admin_group_limit` VALUES ('1000659', '1000001', '1001947');
INSERT INTO `admin_group_limit` VALUES ('1000657', '1000001', '1001948');
INSERT INTO `admin_group_limit` VALUES ('1000570', '1000001', '1001949');
INSERT INTO `admin_group_limit` VALUES ('1000574', '1000001', '1001950');
INSERT INTO `admin_group_limit` VALUES ('1000596', '1000001', '1001951');
INSERT INTO `admin_group_limit` VALUES ('1000567', '1000001', '1001952');
INSERT INTO `admin_group_limit` VALUES ('1000481', '1000001', '1001954');
INSERT INTO `admin_group_limit` VALUES ('1000642', '1000001', '1001955');
INSERT INTO `admin_group_limit` VALUES ('1000571', '1000001', '1001956');
INSERT INTO `admin_group_limit` VALUES ('1000646', '1000001', '1001957');
INSERT INTO `admin_group_limit` VALUES ('1000525', '1000001', '1001959');
INSERT INTO `admin_group_limit` VALUES ('1000547', '1000001', '1001960');
INSERT INTO `admin_group_limit` VALUES ('1000594', '1000001', '1001961');
INSERT INTO `admin_group_limit` VALUES ('1000615', '1000001', '1001962');
INSERT INTO `admin_group_limit` VALUES ('1000650', '1000001', '1001963');
INSERT INTO `admin_group_limit` VALUES ('1000673', '1000001', '1001964');
INSERT INTO `admin_group_limit` VALUES ('1000639', '1000001', '1001967');
INSERT INTO `admin_group_limit` VALUES ('1000506', '1000001', '1001968');
INSERT INTO `admin_group_limit` VALUES ('1000655', '1000001', '1001969');
INSERT INTO `admin_group_limit` VALUES ('1000676', '1000001', '1001971');
INSERT INTO `admin_group_limit` VALUES ('1000630', '1000001', '1001972');
INSERT INTO `admin_group_limit` VALUES ('1000507', '1000001', '1001974');
INSERT INTO `admin_group_limit` VALUES ('1000518', '1000001', '1001975');
INSERT INTO `admin_group_limit` VALUES ('1000602', '1000001', '1001976');
INSERT INTO `admin_group_limit` VALUES ('1000586', '1000001', '1001977');
INSERT INTO `admin_group_limit` VALUES ('1000491', '1000001', '1001978');
INSERT INTO `admin_group_limit` VALUES ('1000658', '1000001', '1001979');
INSERT INTO `admin_group_limit` VALUES ('1000551', '1000001', '1001980');
INSERT INTO `admin_group_limit` VALUES ('1000625', '1000001', '1001981');
INSERT INTO `admin_group_limit` VALUES ('1000510', '1000001', '1001982');
INSERT INTO `admin_group_limit` VALUES ('1000562', '1000001', '1001984');
INSERT INTO `admin_group_limit` VALUES ('1000613', '1000001', '1001986');
INSERT INTO `admin_group_limit` VALUES ('1000534', '1000001', '1001987');
INSERT INTO `admin_group_limit` VALUES ('1000537', '1000001', '1001989');
INSERT INTO `admin_group_limit` VALUES ('1000533', '1000001', '1001990');
INSERT INTO `admin_group_limit` VALUES ('1000647', '1000001', '1001991');
INSERT INTO `admin_group_limit` VALUES ('1000530', '1000001', '1001992');
INSERT INTO `admin_group_limit` VALUES ('1000519', '1000001', '1001993');
INSERT INTO `admin_group_limit` VALUES ('1000568', '1000001', '1001994');
INSERT INTO `admin_group_limit` VALUES ('1000548', '1000001', '1001995');
INSERT INTO `admin_group_limit` VALUES ('1000638', '1000001', '1001996');
INSERT INTO `admin_group_limit` VALUES ('1000432', '1000002', '1001766');
INSERT INTO `admin_group_limit` VALUES ('1000465', '1000002', '1001768');
INSERT INTO `admin_group_limit` VALUES ('1000387', '1000002', '1001771');
INSERT INTO `admin_group_limit` VALUES ('1000417', '1000002', '1001772');
INSERT INTO `admin_group_limit` VALUES ('1000365', '1000002', '1001773');
INSERT INTO `admin_group_limit` VALUES ('1000394', '1000002', '1001774');
INSERT INTO `admin_group_limit` VALUES ('1000457', '1000002', '1001775');
INSERT INTO `admin_group_limit` VALUES ('1000445', '1000002', '1001778');
INSERT INTO `admin_group_limit` VALUES ('1000423', '1000002', '1001779');
INSERT INTO `admin_group_limit` VALUES ('1000436', '1000002', '1001781');
INSERT INTO `admin_group_limit` VALUES ('1000435', '1000002', '1001787');
INSERT INTO `admin_group_limit` VALUES ('1000470', '1000002', '1001788');
INSERT INTO `admin_group_limit` VALUES ('1000376', '1000002', '1001789');
INSERT INTO `admin_group_limit` VALUES ('1000430', '1000002', '1001791');
INSERT INTO `admin_group_limit` VALUES ('1000458', '1000002', '1001793');
INSERT INTO `admin_group_limit` VALUES ('1000395', '1000002', '1001796');
INSERT INTO `admin_group_limit` VALUES ('1000425', '1000002', '1001797');
INSERT INTO `admin_group_limit` VALUES ('1000402', '1000002', '1001801');
INSERT INTO `admin_group_limit` VALUES ('1000382', '1000002', '1001806');
INSERT INTO `admin_group_limit` VALUES ('1000446', '1000002', '1001807');
INSERT INTO `admin_group_limit` VALUES ('1000437', '1000002', '1001808');
INSERT INTO `admin_group_limit` VALUES ('1000471', '1000002', '1001809');
INSERT INTO `admin_group_limit` VALUES ('1000450', '1000002', '1001812');
INSERT INTO `admin_group_limit` VALUES ('1000451', '1000002', '1001813');
INSERT INTO `admin_group_limit` VALUES ('1000424', '1000002', '1001816');
INSERT INTO `admin_group_limit` VALUES ('1000391', '1000002', '1001822');
INSERT INTO `admin_group_limit` VALUES ('1000403', '1000002', '1001824');
INSERT INTO `admin_group_limit` VALUES ('1000342', '1000002', '1001827');
INSERT INTO `admin_group_limit` VALUES ('1000410', '1000002', '1001828');
INSERT INTO `admin_group_limit` VALUES ('1000462', '1000002', '1001829');
INSERT INTO `admin_group_limit` VALUES ('1000438', '1000002', '1001832');
INSERT INTO `admin_group_limit` VALUES ('1000456', '1000002', '1001833');
INSERT INTO `admin_group_limit` VALUES ('1000434', '1000002', '1001834');
INSERT INTO `admin_group_limit` VALUES ('1000439', '1000002', '1001835');
INSERT INTO `admin_group_limit` VALUES ('1000377', '1000002', '1001836');
INSERT INTO `admin_group_limit` VALUES ('1000433', '1000002', '1001838');
INSERT INTO `admin_group_limit` VALUES ('1000440', '1000002', '1001839');
INSERT INTO `admin_group_limit` VALUES ('1000453', '1000002', '1001840');
INSERT INTO `admin_group_limit` VALUES ('1000463', '1000002', '1001841');
INSERT INTO `admin_group_limit` VALUES ('1000353', '1000002', '1001843');
INSERT INTO `admin_group_limit` VALUES ('1000345', '1000002', '1001845');
INSERT INTO `admin_group_limit` VALUES ('1000367', '1000002', '1001846');
INSERT INTO `admin_group_limit` VALUES ('1000368', '1000002', '1001852');
INSERT INTO `admin_group_limit` VALUES ('1000397', '1000002', '1001853');
INSERT INTO `admin_group_limit` VALUES ('1000346', '1000002', '1001856');
INSERT INTO `admin_group_limit` VALUES ('1000404', '1000002', '1001858');
INSERT INTO `admin_group_limit` VALUES ('1000344', '1000002', '1001859');
INSERT INTO `admin_group_limit` VALUES ('1000411', '1000002', '1001860');
INSERT INTO `admin_group_limit` VALUES ('1000405', '1000002', '1001861');
INSERT INTO `admin_group_limit` VALUES ('1000378', '1000002', '1001863');
INSERT INTO `admin_group_limit` VALUES ('1000354', '1000002', '1001865');
INSERT INTO `admin_group_limit` VALUES ('1000369', '1000002', '1001866');
INSERT INTO `admin_group_limit` VALUES ('1000364', '1000002', '1001867');
INSERT INTO `admin_group_limit` VALUES ('1000421', '1000002', '1001870');
INSERT INTO `admin_group_limit` VALUES ('1000348', '1000002', '1001871');
INSERT INTO `admin_group_limit` VALUES ('1000466', '1000002', '1001873');
INSERT INTO `admin_group_limit` VALUES ('1000388', '1000002', '1001874');
INSERT INTO `admin_group_limit` VALUES ('1000383', '1000002', '1001875');
INSERT INTO `admin_group_limit` VALUES ('1000418', '1000002', '1001876');
INSERT INTO `admin_group_limit` VALUES ('1000370', '1000002', '1001879');
INSERT INTO `admin_group_limit` VALUES ('1000379', '1000002', '1001880');
INSERT INTO `admin_group_limit` VALUES ('1000384', '1000002', '1001881');
INSERT INTO `admin_group_limit` VALUES ('1000414', '1000002', '1001882');
INSERT INTO `admin_group_limit` VALUES ('1000426', '1000002', '1001883');
INSERT INTO `admin_group_limit` VALUES ('1000355', '1000002', '1001884');
INSERT INTO `admin_group_limit` VALUES ('1000408', '1000002', '1001886');
INSERT INTO `admin_group_limit` VALUES ('1000459', '1000002', '1001887');
INSERT INTO `admin_group_limit` VALUES ('1000398', '1000002', '1001888');
INSERT INTO `admin_group_limit` VALUES ('1000349', '1000002', '1001889');
INSERT INTO `admin_group_limit` VALUES ('1000420', '1000002', '1001890');
INSERT INTO `admin_group_limit` VALUES ('1000371', '1000002', '1001891');
INSERT INTO `admin_group_limit` VALUES ('1000455', '1000002', '1001893');
INSERT INTO `admin_group_limit` VALUES ('1000356', '1000002', '1001894');
INSERT INTO `admin_group_limit` VALUES ('1000441', '1000002', '1001895');
INSERT INTO `admin_group_limit` VALUES ('1000447', '1000002', '1001896');
INSERT INTO `admin_group_limit` VALUES ('1000350', '1000002', '1001897');
INSERT INTO `admin_group_limit` VALUES ('1000380', '1000002', '1001898');
INSERT INTO `admin_group_limit` VALUES ('1000357', '1000002', '1001900');
INSERT INTO `admin_group_limit` VALUES ('1000399', '1000002', '1001904');
INSERT INTO `admin_group_limit` VALUES ('1000429', '1000002', '1001905');
INSERT INTO `admin_group_limit` VALUES ('1000449', '1000002', '1001906');
INSERT INTO `admin_group_limit` VALUES ('1000358', '1000002', '1001910');
INSERT INTO `admin_group_limit` VALUES ('1000467', '1000002', '1001911');
INSERT INTO `admin_group_limit` VALUES ('1000409', '1000002', '1001912');
INSERT INTO `admin_group_limit` VALUES ('1000406', '1000002', '1001913');
INSERT INTO `admin_group_limit` VALUES ('1000343', '1000002', '1001916');
INSERT INTO `admin_group_limit` VALUES ('1000359', '1000002', '1001918');
INSERT INTO `admin_group_limit` VALUES ('1000360', '1000002', '1001920');
INSERT INTO `admin_group_limit` VALUES ('1000361', '1000002', '1001922');
INSERT INTO `admin_group_limit` VALUES ('1000385', '1000002', '1001925');
INSERT INTO `admin_group_limit` VALUES ('1000400', '1000002', '1001930');
INSERT INTO `admin_group_limit` VALUES ('1000443', '1000002', '1001931');
INSERT INTO `admin_group_limit` VALUES ('1000422', '1000002', '1001933');
INSERT INTO `admin_group_limit` VALUES ('1000351', '1000002', '1001934');
INSERT INTO `admin_group_limit` VALUES ('1000372', '1000002', '1001935');
INSERT INTO `admin_group_limit` VALUES ('1000427', '1000002', '1001937');
INSERT INTO `admin_group_limit` VALUES ('1000428', '1000002', '1001938');
INSERT INTO `admin_group_limit` VALUES ('1000373', '1000002', '1001939');
INSERT INTO `admin_group_limit` VALUES ('1000454', '1000002', '1001940');
INSERT INTO `admin_group_limit` VALUES ('1000448', '1000002', '1001943');
INSERT INTO `admin_group_limit` VALUES ('1000352', '1000002', '1001944');
INSERT INTO `admin_group_limit` VALUES ('1000401', '1000002', '1001945');
INSERT INTO `admin_group_limit` VALUES ('1000415', '1000002', '1001949');
INSERT INTO `admin_group_limit` VALUES ('1000419', '1000002', '1001950');
INSERT INTO `admin_group_limit` VALUES ('1000412', '1000002', '1001952');
INSERT INTO `admin_group_limit` VALUES ('1000341', '1000002', '1001954');
INSERT INTO `admin_group_limit` VALUES ('1000464', '1000002', '1001955');
INSERT INTO `admin_group_limit` VALUES ('1000416', '1000002', '1001956');
INSERT INTO `admin_group_limit` VALUES ('1000468', '1000002', '1001957');
INSERT INTO `admin_group_limit` VALUES ('1000381', '1000002', '1001959');
INSERT INTO `admin_group_limit` VALUES ('1000392', '1000002', '1001960');
INSERT INTO `admin_group_limit` VALUES ('1000444', '1000002', '1001962');
INSERT INTO `admin_group_limit` VALUES ('1000472', '1000002', '1001963');
INSERT INTO `admin_group_limit` VALUES ('1000461', '1000002', '1001967');
INSERT INTO `admin_group_limit` VALUES ('1000362', '1000002', '1001968');
INSERT INTO `admin_group_limit` VALUES ('1000452', '1000002', '1001972');
INSERT INTO `admin_group_limit` VALUES ('1000363', '1000002', '1001974');
INSERT INTO `admin_group_limit` VALUES ('1000374', '1000002', '1001975');
INSERT INTO `admin_group_limit` VALUES ('1000431', '1000002', '1001977');
INSERT INTO `admin_group_limit` VALUES ('1000347', '1000002', '1001978');
INSERT INTO `admin_group_limit` VALUES ('1000396', '1000002', '1001980');
INSERT INTO `admin_group_limit` VALUES ('1000366', '1000002', '1001982');
INSERT INTO `admin_group_limit` VALUES ('1000407', '1000002', '1001984');
INSERT INTO `admin_group_limit` VALUES ('1000442', '1000002', '1001986');
INSERT INTO `admin_group_limit` VALUES ('1000390', '1000002', '1001987');
INSERT INTO `admin_group_limit` VALUES ('1000389', '1000002', '1001990');
INSERT INTO `admin_group_limit` VALUES ('1000469', '1000002', '1001991');
INSERT INTO `admin_group_limit` VALUES ('1000386', '1000002', '1001992');
INSERT INTO `admin_group_limit` VALUES ('1000375', '1000002', '1001993');
INSERT INTO `admin_group_limit` VALUES ('1000413', '1000002', '1001994');
INSERT INTO `admin_group_limit` VALUES ('1000393', '1000002', '1001995');
INSERT INTO `admin_group_limit` VALUES ('1000460', '1000002', '1001996');
INSERT INTO `admin_group_limit` VALUES ('1000887', '1000021', '1000001');
INSERT INTO `admin_group_limit` VALUES ('1000882', '1000021', '1000002');
INSERT INTO `admin_group_limit` VALUES ('1000883', '1000021', '1000003');
INSERT INTO `admin_group_limit` VALUES ('1000753', '1000021', '1000012');
INSERT INTO `admin_group_limit` VALUES ('1000748', '1000021', '1000013');
INSERT INTO `admin_group_limit` VALUES ('1000749', '1000021', '1000014');
INSERT INTO `admin_group_limit` VALUES ('1000750', '1000021', '1000015');
INSERT INTO `admin_group_limit` VALUES ('1000754', '1000021', '1000016');
INSERT INTO `admin_group_limit` VALUES ('1000752', '1000021', '1000017');
INSERT INTO `admin_group_limit` VALUES ('1000751', '1000021', '1000018');
INSERT INTO `admin_group_limit` VALUES ('1000884', '1000021', '1001765');
INSERT INTO `admin_group_limit` VALUES ('1000796', '1000021', '1001766');
INSERT INTO `admin_group_limit` VALUES ('1000885', '1000021', '1001767');
INSERT INTO `admin_group_limit` VALUES ('1000852', '1000021', '1001768');
INSERT INTO `admin_group_limit` VALUES ('1000879', '1000021', '1001769');
INSERT INTO `admin_group_limit` VALUES ('1000890', '1000021', '1001770');
INSERT INTO `admin_group_limit` VALUES ('1000732', '1000021', '1001771');
INSERT INTO `admin_group_limit` VALUES ('1000781', '1000021', '1001772');
INSERT INTO `admin_group_limit` VALUES ('1000710', '1000021', '1001773');
INSERT INTO `admin_group_limit` VALUES ('1000758', '1000021', '1001774');
INSERT INTO `admin_group_limit` VALUES ('1000844', '1000021', '1001775');
INSERT INTO `admin_group_limit` VALUES ('1000801', '1000021', '1001776');
INSERT INTO `admin_group_limit` VALUES ('1000740', '1000021', '1001777');
INSERT INTO `admin_group_limit` VALUES ('1000825', '1000021', '1001778');
INSERT INTO `admin_group_limit` VALUES ('1000787', '1000021', '1001779');
INSERT INTO `admin_group_limit` VALUES ('1000899', '1000021', '1001780');
INSERT INTO `admin_group_limit` VALUES ('1000816', '1000021', '1001781');
INSERT INTO `admin_group_limit` VALUES ('1000893', '1000021', '1001782');
INSERT INTO `admin_group_limit` VALUES ('1000886', '1000021', '1001783');
INSERT INTO `admin_group_limit` VALUES ('1000681', '1000021', '1001784');
INSERT INTO `admin_group_limit` VALUES ('1000868', '1000021', '1001785');
INSERT INTO `admin_group_limit` VALUES ('1000799', '1000021', '1001787');
INSERT INTO `admin_group_limit` VALUES ('1000857', '1000021', '1001788');
INSERT INTO `admin_group_limit` VALUES ('1000721', '1000021', '1001789');
INSERT INTO `admin_group_limit` VALUES ('1000687', '1000021', '1001790');
INSERT INTO `admin_group_limit` VALUES ('1000794', '1000021', '1001791');
INSERT INTO `admin_group_limit` VALUES ('1000741', '1000021', '1001792');
INSERT INTO `admin_group_limit` VALUES ('1000845', '1000021', '1001793');
INSERT INTO `admin_group_limit` VALUES ('1000877', '1000021', '1001794');
INSERT INTO `admin_group_limit` VALUES ('1000736', '1000021', '1001795');
INSERT INTO `admin_group_limit` VALUES ('1000759', '1000021', '1001796');
INSERT INTO `admin_group_limit` VALUES ('1000789', '1000021', '1001797');
INSERT INTO `admin_group_limit` VALUES ('1000688', '1000021', '1001798');
INSERT INTO `admin_group_limit` VALUES ('1000766', '1000021', '1001801');
INSERT INTO `admin_group_limit` VALUES ('1000800', '1000021', '1001802');
INSERT INTO `admin_group_limit` VALUES ('1000802', '1000021', '1001803');
INSERT INTO `admin_group_limit` VALUES ('1000747', '1000021', '1001805');
INSERT INTO `admin_group_limit` VALUES ('1000727', '1000021', '1001806');
INSERT INTO `admin_group_limit` VALUES ('1000826', '1000021', '1001807');
INSERT INTO `admin_group_limit` VALUES ('1000817', '1000021', '1001808');
INSERT INTO `admin_group_limit` VALUES ('1000858', '1000021', '1001809');
INSERT INTO `admin_group_limit` VALUES ('1000806', '1000021', '1001811');
INSERT INTO `admin_group_limit` VALUES ('1000837', '1000021', '1001812');
INSERT INTO `admin_group_limit` VALUES ('1000838', '1000021', '1001813');
INSERT INTO `admin_group_limit` VALUES ('1000835', '1000021', '1001814');
INSERT INTO `admin_group_limit` VALUES ('1000788', '1000021', '1001816');
INSERT INTO `admin_group_limit` VALUES ('1000815', '1000021', '1001817');
INSERT INTO `admin_group_limit` VALUES ('1000690', '1000021', '1001818');
INSERT INTO `admin_group_limit` VALUES ('1000804', '1000021', '1001819');
INSERT INTO `admin_group_limit` VALUES ('1000836', '1000021', '1001821');
INSERT INTO `admin_group_limit` VALUES ('1000755', '1000021', '1001822');
INSERT INTO `admin_group_limit` VALUES ('1000767', '1000021', '1001824');
INSERT INTO `admin_group_limit` VALUES ('1000812', '1000021', '1001825');
INSERT INTO `admin_group_limit` VALUES ('1000860', '1000021', '1001826');
INSERT INTO `admin_group_limit` VALUES ('1000683', '1000021', '1001827');
INSERT INTO `admin_group_limit` VALUES ('1000774', '1000021', '1001828');
INSERT INTO `admin_group_limit` VALUES ('1000849', '1000021', '1001829');
INSERT INTO `admin_group_limit` VALUES ('1000742', '1000021', '1001830');
INSERT INTO `admin_group_limit` VALUES ('1000818', '1000021', '1001832');
INSERT INTO `admin_group_limit` VALUES ('1000843', '1000021', '1001833');
INSERT INTO `admin_group_limit` VALUES ('1000798', '1000021', '1001834');
INSERT INTO `admin_group_limit` VALUES ('1000819', '1000021', '1001835');
INSERT INTO `admin_group_limit` VALUES ('1000722', '1000021', '1001836');
INSERT INTO `admin_group_limit` VALUES ('1000807', '1000021', '1001837');
INSERT INTO `admin_group_limit` VALUES ('1000797', '1000021', '1001838');
INSERT INTO `admin_group_limit` VALUES ('1000820', '1000021', '1001839');
INSERT INTO `admin_group_limit` VALUES ('1000840', '1000021', '1001840');
INSERT INTO `admin_group_limit` VALUES ('1000850', '1000021', '1001841');
INSERT INTO `admin_group_limit` VALUES ('1000698', '1000021', '1001843');
INSERT INTO `admin_group_limit` VALUES ('1000869', '1000021', '1001844');
INSERT INTO `admin_group_limit` VALUES ('1000686', '1000021', '1001845');
INSERT INTO `admin_group_limit` VALUES ('1000712', '1000021', '1001846');
INSERT INTO `admin_group_limit` VALUES ('1000833', '1000021', '1001847');
INSERT INTO `admin_group_limit` VALUES ('1000871', '1000021', '1001849');
INSERT INTO `admin_group_limit` VALUES ('1000873', '1000021', '1001850');
INSERT INTO `admin_group_limit` VALUES ('1000713', '1000021', '1001852');
INSERT INTO `admin_group_limit` VALUES ('1000761', '1000021', '1001853');
INSERT INTO `admin_group_limit` VALUES ('1000813', '1000021', '1001855');
INSERT INTO `admin_group_limit` VALUES ('1000691', '1000021', '1001856');
INSERT INTO `admin_group_limit` VALUES ('1000870', '1000021', '1001857');
INSERT INTO `admin_group_limit` VALUES ('1000768', '1000021', '1001858');
INSERT INTO `admin_group_limit` VALUES ('1000685', '1000021', '1001859');
INSERT INTO `admin_group_limit` VALUES ('1000775', '1000021', '1001860');
INSERT INTO `admin_group_limit` VALUES ('1000769', '1000021', '1001861');
INSERT INTO `admin_group_limit` VALUES ('1000878', '1000021', '1001862');
INSERT INTO `admin_group_limit` VALUES ('1000723', '1000021', '1001863');
INSERT INTO `admin_group_limit` VALUES ('1000861', '1000021', '1001864');
INSERT INTO `admin_group_limit` VALUES ('1000699', '1000021', '1001865');
INSERT INTO `admin_group_limit` VALUES ('1000714', '1000021', '1001866');
INSERT INTO `admin_group_limit` VALUES ('1000709', '1000021', '1001867');
INSERT INTO `admin_group_limit` VALUES ('1000864', '1000021', '1001868');
INSERT INTO `admin_group_limit` VALUES ('1000898', '1000021', '1001869');
INSERT INTO `admin_group_limit` VALUES ('1000785', '1000021', '1001870');
INSERT INTO `admin_group_limit` VALUES ('1000693', '1000021', '1001871');
INSERT INTO `admin_group_limit` VALUES ('1000865', '1000021', '1001872');
INSERT INTO `admin_group_limit` VALUES ('1000853', '1000021', '1001873');
INSERT INTO `admin_group_limit` VALUES ('1000733', '1000021', '1001874');
INSERT INTO `admin_group_limit` VALUES ('1000728', '1000021', '1001875');
INSERT INTO `admin_group_limit` VALUES ('1000782', '1000021', '1001876');
INSERT INTO `admin_group_limit` VALUES ('1000715', '1000021', '1001879');
INSERT INTO `admin_group_limit` VALUES ('1000724', '1000021', '1001880');
INSERT INTO `admin_group_limit` VALUES ('1000729', '1000021', '1001881');
INSERT INTO `admin_group_limit` VALUES ('1000778', '1000021', '1001882');
INSERT INTO `admin_group_limit` VALUES ('1000790', '1000021', '1001883');
INSERT INTO `admin_group_limit` VALUES ('1000700', '1000021', '1001884');
INSERT INTO `admin_group_limit` VALUES ('1000830', '1000021', '1001885');
INSERT INTO `admin_group_limit` VALUES ('1000772', '1000021', '1001886');
INSERT INTO `admin_group_limit` VALUES ('1000846', '1000021', '1001887');
INSERT INTO `admin_group_limit` VALUES ('1000762', '1000021', '1001888');
INSERT INTO `admin_group_limit` VALUES ('1000694', '1000021', '1001889');
INSERT INTO `admin_group_limit` VALUES ('1000784', '1000021', '1001890');
INSERT INTO `admin_group_limit` VALUES ('1000716', '1000021', '1001891');
INSERT INTO `admin_group_limit` VALUES ('1000866', '1000021', '1001892');
INSERT INTO `admin_group_limit` VALUES ('1000842', '1000021', '1001893');
INSERT INTO `admin_group_limit` VALUES ('1000701', '1000021', '1001894');
INSERT INTO `admin_group_limit` VALUES ('1000821', '1000021', '1001895');
INSERT INTO `admin_group_limit` VALUES ('1000827', '1000021', '1001896');
INSERT INTO `admin_group_limit` VALUES ('1000695', '1000021', '1001897');
INSERT INTO `admin_group_limit` VALUES ('1000725', '1000021', '1001898');
INSERT INTO `admin_group_limit` VALUES ('1000889', '1000021', '1001899');
INSERT INTO `admin_group_limit` VALUES ('1000702', '1000021', '1001900');
INSERT INTO `admin_group_limit` VALUES ('1000689', '1000021', '1001901');
INSERT INTO `admin_group_limit` VALUES ('1000880', '1000021', '1001902');
INSERT INTO `admin_group_limit` VALUES ('1000763', '1000021', '1001904');
INSERT INTO `admin_group_limit` VALUES ('1000793', '1000021', '1001905');
INSERT INTO `admin_group_limit` VALUES ('1000829', '1000021', '1001906');
INSERT INTO `admin_group_limit` VALUES ('1000744', '1000021', '1001907');
INSERT INTO `admin_group_limit` VALUES ('1000892', '1000021', '1001909');
INSERT INTO `admin_group_limit` VALUES ('1000703', '1000021', '1001910');
INSERT INTO `admin_group_limit` VALUES ('1000854', '1000021', '1001911');
INSERT INTO `admin_group_limit` VALUES ('1000773', '1000021', '1001912');
INSERT INTO `admin_group_limit` VALUES ('1000770', '1000021', '1001913');
INSERT INTO `admin_group_limit` VALUES ('1000814', '1000021', '1001914');
INSERT INTO `admin_group_limit` VALUES ('1000832', '1000021', '1001915');
INSERT INTO `admin_group_limit` VALUES ('1000684', '1000021', '1001916');
INSERT INTO `admin_group_limit` VALUES ('1000831', '1000021', '1001917');
INSERT INTO `admin_group_limit` VALUES ('1000704', '1000021', '1001918');
INSERT INTO `admin_group_limit` VALUES ('1000705', '1000021', '1001920');
INSERT INTO `admin_group_limit` VALUES ('1000808', '1000021', '1001921');
INSERT INTO `admin_group_limit` VALUES ('1000706', '1000021', '1001922');
INSERT INTO `admin_group_limit` VALUES ('1000891', '1000021', '1001923');
INSERT INTO `admin_group_limit` VALUES ('1000730', '1000021', '1001925');
INSERT INTO `admin_group_limit` VALUES ('1000895', '1000021', '1001926');
INSERT INTO `admin_group_limit` VALUES ('1000809', '1000021', '1001927');
INSERT INTO `admin_group_limit` VALUES ('1000745', '1000021', '1001928');
INSERT INTO `admin_group_limit` VALUES ('1000810', '1000021', '1001929');
INSERT INTO `admin_group_limit` VALUES ('1000764', '1000021', '1001930');
INSERT INTO `admin_group_limit` VALUES ('1000823', '1000021', '1001931');
INSERT INTO `admin_group_limit` VALUES ('1000739', '1000021', '1001932');
INSERT INTO `admin_group_limit` VALUES ('1000786', '1000021', '1001933');
INSERT INTO `admin_group_limit` VALUES ('1000696', '1000021', '1001934');
INSERT INTO `admin_group_limit` VALUES ('1000717', '1000021', '1001935');
INSERT INTO `admin_group_limit` VALUES ('1000737', '1000021', '1001936');
INSERT INTO `admin_group_limit` VALUES ('1000791', '1000021', '1001937');
INSERT INTO `admin_group_limit` VALUES ('1000792', '1000021', '1001938');
INSERT INTO `admin_group_limit` VALUES ('1000718', '1000021', '1001939');
INSERT INTO `admin_group_limit` VALUES ('1000841', '1000021', '1001940');
INSERT INTO `admin_group_limit` VALUES ('1000888', '1000021', '1001941');
INSERT INTO `admin_group_limit` VALUES ('1000896', '1000021', '1001942');
INSERT INTO `admin_group_limit` VALUES ('1000828', '1000021', '1001943');
INSERT INTO `admin_group_limit` VALUES ('1000697', '1000021', '1001944');
INSERT INTO `admin_group_limit` VALUES ('1000765', '1000021', '1001945');
INSERT INTO `admin_group_limit` VALUES ('1000881', '1000021', '1001946');
INSERT INTO `admin_group_limit` VALUES ('1000876', '1000021', '1001947');
INSERT INTO `admin_group_limit` VALUES ('1000874', '1000021', '1001948');
INSERT INTO `admin_group_limit` VALUES ('1000779', '1000021', '1001949');
INSERT INTO `admin_group_limit` VALUES ('1000783', '1000021', '1001950');
INSERT INTO `admin_group_limit` VALUES ('1000805', '1000021', '1001951');
INSERT INTO `admin_group_limit` VALUES ('1000776', '1000021', '1001952');
INSERT INTO `admin_group_limit` VALUES ('1000746', '1000021', '1001953');
INSERT INTO `admin_group_limit` VALUES ('1000682', '1000021', '1001954');
INSERT INTO `admin_group_limit` VALUES ('1000851', '1000021', '1001955');
INSERT INTO `admin_group_limit` VALUES ('1000780', '1000021', '1001956');
INSERT INTO `admin_group_limit` VALUES ('1000855', '1000021', '1001957');
INSERT INTO `admin_group_limit` VALUES ('1000862', '1000021', '1001958');
INSERT INTO `admin_group_limit` VALUES ('1000726', '1000021', '1001959');
INSERT INTO `admin_group_limit` VALUES ('1000756', '1000021', '1001960');
INSERT INTO `admin_group_limit` VALUES ('1000803', '1000021', '1001961');
INSERT INTO `admin_group_limit` VALUES ('1000824', '1000021', '1001962');
INSERT INTO `admin_group_limit` VALUES ('1000859', '1000021', '1001963');
INSERT INTO `admin_group_limit` VALUES ('1000894', '1000021', '1001964');
INSERT INTO `admin_group_limit` VALUES ('1000863', '1000021', '1001966');
INSERT INTO `admin_group_limit` VALUES ('1000848', '1000021', '1001967');
INSERT INTO `admin_group_limit` VALUES ('1000707', '1000021', '1001968');
INSERT INTO `admin_group_limit` VALUES ('1000872', '1000021', '1001969');
INSERT INTO `admin_group_limit` VALUES ('1000743', '1000021', '1001970');
INSERT INTO `admin_group_limit` VALUES ('1000897', '1000021', '1001971');
INSERT INTO `admin_group_limit` VALUES ('1000839', '1000021', '1001972');
INSERT INTO `admin_group_limit` VALUES ('1000867', '1000021', '1001973');
INSERT INTO `admin_group_limit` VALUES ('1000708', '1000021', '1001974');
INSERT INTO `admin_group_limit` VALUES ('1000719', '1000021', '1001975');
INSERT INTO `admin_group_limit` VALUES ('1000811', '1000021', '1001976');
INSERT INTO `admin_group_limit` VALUES ('1000795', '1000021', '1001977');
INSERT INTO `admin_group_limit` VALUES ('1000692', '1000021', '1001978');
INSERT INTO `admin_group_limit` VALUES ('1000875', '1000021', '1001979');
INSERT INTO `admin_group_limit` VALUES ('1000760', '1000021', '1001980');
INSERT INTO `admin_group_limit` VALUES ('1000834', '1000021', '1001981');
INSERT INTO `admin_group_limit` VALUES ('1000711', '1000021', '1001982');
INSERT INTO `admin_group_limit` VALUES ('1000771', '1000021', '1001984');
INSERT INTO `admin_group_limit` VALUES ('1000822', '1000021', '1001986');
INSERT INTO `admin_group_limit` VALUES ('1000735', '1000021', '1001987');
INSERT INTO `admin_group_limit` VALUES ('1000738', '1000021', '1001989');
INSERT INTO `admin_group_limit` VALUES ('1000734', '1000021', '1001990');
INSERT INTO `admin_group_limit` VALUES ('1000856', '1000021', '1001991');
INSERT INTO `admin_group_limit` VALUES ('1000731', '1000021', '1001992');
INSERT INTO `admin_group_limit` VALUES ('1000720', '1000021', '1001993');
INSERT INTO `admin_group_limit` VALUES ('1000777', '1000021', '1001994');
INSERT INTO `admin_group_limit` VALUES ('1000757', '1000021', '1001995');
INSERT INTO `admin_group_limit` VALUES ('1000847', '1000021', '1001996');
INSERT INTO `admin_group_limit` VALUES ('1000680', '1000021', '1001997');
INSERT INTO `admin_group_limit` VALUES ('1000679', '1000021', '1001998');
INSERT INTO `admin_group_limit` VALUES ('1000900', '1000021', '1100001');
INSERT INTO `admin_group_limit` VALUES ('1000901', '1000021', '1100002');
INSERT INTO `admin_group_limit` VALUES ('1001128', '1000041', '1000001');
INSERT INTO `admin_group_limit` VALUES ('1001081', '1000041', '1000012');
INSERT INTO `admin_group_limit` VALUES ('1001076', '1000041', '1000013');
INSERT INTO `admin_group_limit` VALUES ('1001077', '1000041', '1000014');
INSERT INTO `admin_group_limit` VALUES ('1001078', '1000041', '1000015');
INSERT INTO `admin_group_limit` VALUES ('1001082', '1000041', '1000016');
INSERT INTO `admin_group_limit` VALUES ('1001080', '1000041', '1000017');
INSERT INTO `admin_group_limit` VALUES ('1001079', '1000041', '1000018');
INSERT INTO `admin_group_limit` VALUES ('1001125', '1000041', '1001765');
INSERT INTO `admin_group_limit` VALUES ('1001107', '1000041', '1001766');
INSERT INTO `admin_group_limit` VALUES ('1001126', '1000041', '1001767');
INSERT INTO `admin_group_limit` VALUES ('1001131', '1000041', '1001770');
INSERT INTO `admin_group_limit` VALUES ('1001086', '1000041', '1001772');
INSERT INTO `admin_group_limit` VALUES ('1001120', '1000041', '1001778');
INSERT INTO `admin_group_limit` VALUES ('1001098', '1000041', '1001779');
INSERT INTO `admin_group_limit` VALUES ('1001140', '1000041', '1001780');
INSERT INTO `admin_group_limit` VALUES ('1001111', '1000041', '1001781');
INSERT INTO `admin_group_limit` VALUES ('1001134', '1000041', '1001782');
INSERT INTO `admin_group_limit` VALUES ('1001127', '1000041', '1001783');
INSERT INTO `admin_group_limit` VALUES ('1001110', '1000041', '1001787');
INSERT INTO `admin_group_limit` VALUES ('1001071', '1000041', '1001790');
INSERT INTO `admin_group_limit` VALUES ('1001105', '1000041', '1001791');
INSERT INTO `admin_group_limit` VALUES ('1001100', '1000041', '1001797');
INSERT INTO `admin_group_limit` VALUES ('1001072', '1000041', '1001798');
INSERT INTO `admin_group_limit` VALUES ('1001121', '1000041', '1001807');
INSERT INTO `admin_group_limit` VALUES ('1001112', '1000041', '1001808');
INSERT INTO `admin_group_limit` VALUES ('1001099', '1000041', '1001816');
INSERT INTO `admin_group_limit` VALUES ('1001074', '1000041', '1001818');
INSERT INTO `admin_group_limit` VALUES ('1001067', '1000041', '1001827');
INSERT INTO `admin_group_limit` VALUES ('1001083', '1000041', '1001828');
INSERT INTO `admin_group_limit` VALUES ('1001113', '1000041', '1001832');
INSERT INTO `admin_group_limit` VALUES ('1001109', '1000041', '1001834');
INSERT INTO `admin_group_limit` VALUES ('1001114', '1000041', '1001835');
INSERT INTO `admin_group_limit` VALUES ('1001108', '1000041', '1001838');
INSERT INTO `admin_group_limit` VALUES ('1001115', '1000041', '1001839');
INSERT INTO `admin_group_limit` VALUES ('1001070', '1000041', '1001845');
INSERT INTO `admin_group_limit` VALUES ('1001069', '1000041', '1001859');
INSERT INTO `admin_group_limit` VALUES ('1001084', '1000041', '1001860');
INSERT INTO `admin_group_limit` VALUES ('1001139', '1000041', '1001869');
INSERT INTO `admin_group_limit` VALUES ('1001096', '1000041', '1001870');
INSERT INTO `admin_group_limit` VALUES ('1001093', '1000041', '1001876');
INSERT INTO `admin_group_limit` VALUES ('1001092', '1000041', '1001882');
INSERT INTO `admin_group_limit` VALUES ('1001101', '1000041', '1001883');
INSERT INTO `admin_group_limit` VALUES ('1001095', '1000041', '1001890');
INSERT INTO `admin_group_limit` VALUES ('1001116', '1000041', '1001895');
INSERT INTO `admin_group_limit` VALUES ('1001122', '1000041', '1001896');
INSERT INTO `admin_group_limit` VALUES ('1001130', '1000041', '1001899');
INSERT INTO `admin_group_limit` VALUES ('1001073', '1000041', '1001901');
INSERT INTO `admin_group_limit` VALUES ('1001104', '1000041', '1001905');
INSERT INTO `admin_group_limit` VALUES ('1001124', '1000041', '1001906');
INSERT INTO `admin_group_limit` VALUES ('1001133', '1000041', '1001909');
INSERT INTO `admin_group_limit` VALUES ('1001068', '1000041', '1001916');
INSERT INTO `admin_group_limit` VALUES ('1001132', '1000041', '1001923');
INSERT INTO `admin_group_limit` VALUES ('1001136', '1000041', '1001926');
INSERT INTO `admin_group_limit` VALUES ('1001118', '1000041', '1001931');
INSERT INTO `admin_group_limit` VALUES ('1001097', '1000041', '1001933');
INSERT INTO `admin_group_limit` VALUES ('1001102', '1000041', '1001937');
INSERT INTO `admin_group_limit` VALUES ('1001103', '1000041', '1001938');
INSERT INTO `admin_group_limit` VALUES ('1001129', '1000041', '1001941');
INSERT INTO `admin_group_limit` VALUES ('1001137', '1000041', '1001942');
INSERT INTO `admin_group_limit` VALUES ('1001123', '1000041', '1001943');
INSERT INTO `admin_group_limit` VALUES ('1001088', '1000041', '1001949');
INSERT INTO `admin_group_limit` VALUES ('1001094', '1000041', '1001950');
INSERT INTO `admin_group_limit` VALUES ('1001085', '1000041', '1001952');
INSERT INTO `admin_group_limit` VALUES ('1001066', '1000041', '1001954');
INSERT INTO `admin_group_limit` VALUES ('1001089', '1000041', '1001956');
INSERT INTO `admin_group_limit` VALUES ('1001119', '1000041', '1001962');
INSERT INTO `admin_group_limit` VALUES ('1001135', '1000041', '1001964');
INSERT INTO `admin_group_limit` VALUES ('1001138', '1000041', '1001971');
INSERT INTO `admin_group_limit` VALUES ('1001075', '1000041', '1001975');
INSERT INTO `admin_group_limit` VALUES ('1001106', '1000041', '1001977');
INSERT INTO `admin_group_limit` VALUES ('1001117', '1000041', '1001986');
INSERT INTO `admin_group_limit` VALUES ('1001090', '1000041', '1001994');
INSERT INTO `admin_group_limit` VALUES ('1001091', '1000041', '1001999');
INSERT INTO `admin_group_limit` VALUES ('1001087', '1000041', '1002001');

-- ----------------------------
-- Table structure for `system_limit`
-- ----------------------------
DROP TABLE IF EXISTS `system_limit`;
CREATE TABLE `system_limit` (
  `LIMIT_ID` int(11) NOT NULL auto_increment COMMENT '权限ID 主键 自增',
  `LIMIT_NAME` text NOT NULL COMMENT '权限名称 必填',
  `LIMIT_URL` text COMMENT '权限URL',
  `IS_PUBLIC` char(1) default NULL COMMENT '是否为公共权限 0:否 1:是 默认为0',
  `LIMIT_LEVEL` decimal(38,0) NOT NULL COMMENT '权限级别 必填 默认为1',
  `PARENT_LIMIT_ID` int(11) default NULL COMMENT '上级权限ID',
  `LIMIT_SORT` decimal(10,4) default NULL COMMENT '权限排序 默认为1000',
  PRIMARY KEY  (`LIMIT_ID`),
  UNIQUE KEY `PK_SYSTEM_LIMIT` USING BTREE (`LIMIT_ID`)
) ENGINE=InnoDB AUTO_INCREMENT=1100003 DEFAULT CHARSET=utf8 COMMENT='系统权限表';

-- ----------------------------
-- Records of system_limit
-- ----------------------------
INSERT INTO `system_limit` VALUES ('1', '用户管理', null, '0', '1', '-1', '1.0000');
INSERT INTO `system_limit` VALUES ('2', '书籍管理', null, '0', '1', '-1', '2.0000');
INSERT INTO `system_limit` VALUES ('3', '听书管理', null, '0', '1', '-1', '3.0000');
INSERT INTO `system_limit` VALUES ('4', '社区管理', null, '0', '1', '-1', '4.0000');
INSERT INTO `system_limit` VALUES ('5', '分类管理', null, '0', '1', '-1', '5.0000');
INSERT INTO `system_limit` VALUES ('6', '专题管理', null, '0', '1', '-1', '6.0000');
INSERT INTO `system_limit` VALUES ('7', '标签管理', null, '0', '1', '-1', '7.0000');
INSERT INTO `system_limit` VALUES ('8', '漂流书管理', null, '0', '1', '-1', '8.0000');
INSERT INTO `system_limit` VALUES ('9', '客户端管理', null, '0', '1', '-1', '9.0000');
INSERT INTO `system_limit` VALUES ('10', '统计管理', null, '0', '1', '-1', '10.0000');
INSERT INTO `system_limit` VALUES ('11', '数据统计', null, '0', '1', '-1', '11.0000');
INSERT INTO `system_limit` VALUES ('12', '账户管理', null, '0', '1', '-1', '12.0000');
INSERT INTO `system_limit` VALUES ('13', '订单管理', null, '0', '1', '-1', '0.0000');
INSERT INTO `system_limit` VALUES ('100', '用户列表', null, '0', '2', '1', '100.0000');
INSERT INTO `system_limit` VALUES ('101', '用户反馈', null, '0', '2', '1', '101.0000');
INSERT INTO `system_limit` VALUES ('110', '书源管理', null, '0', '2', '2', '110.0000');
INSERT INTO `system_limit` VALUES ('111', '书籍管理', null, '0', '2', '2', '111.0000');
INSERT INTO `system_limit` VALUES ('112', '作家管理', null, '0', '2', '2', '112.0000');
INSERT INTO `system_limit` VALUES ('113', 'CP消息管理', null, '0', '2', '2', '113.0000');
INSERT INTO `system_limit` VALUES ('114', 'CP用户管理', null, '0', '2', '2', '114.0000');
INSERT INTO `system_limit` VALUES ('115', '图书DRM加密管理', null, '0', '2', '2', '115.0000');
INSERT INTO `system_limit` VALUES ('116', '新书资讯', null, '0', '2', '2', '1000.0000');
INSERT INTO `system_limit` VALUES ('120', '听书首页专题管理', null, '0', '2', '3', '120.0000');
INSERT INTO `system_limit` VALUES ('121', '听书书籍管理', null, '0', '2', '3', '121.0000');
INSERT INTO `system_limit` VALUES ('130', '用户博客管理', null, '0', '2', '4', '130.0000');
INSERT INTO `system_limit` VALUES ('131', '后台添加博客', null, '0', '2', '4', '131.0000');
INSERT INTO `system_limit` VALUES ('132', '后台添加书评', null, '0', '2', '4', '132.0000');
INSERT INTO `system_limit` VALUES ('133', '后台添加笔记', null, '0', '2', '4', '133.0000');
INSERT INTO `system_limit` VALUES ('134', '后台添加书摘', null, '0', '2', '4', '134.0000');
INSERT INTO `system_limit` VALUES ('135', '博客评论管理', null, '0', '2', '4', '135.0000');
INSERT INTO `system_limit` VALUES ('136', '用户关注管理', null, '0', '2', '4', '136.0000');
INSERT INTO `system_limit` VALUES ('137', '活跃用户管理', null, '0', '2', '4', '137.0000');
INSERT INTO `system_limit` VALUES ('140', '书籍分类管理', null, '0', '2', '5', '140.0000');
INSERT INTO `system_limit` VALUES ('141', '分类关联管理', null, '0', '2', '5', '141.0000');
INSERT INTO `system_limit` VALUES ('150', '专题管理', null, '0', '2', '6', '150.0000');
INSERT INTO `system_limit` VALUES ('160', '标签列表', null, '0', '2', '7', '160.0000');
INSERT INTO `system_limit` VALUES ('161', '热门标签列表', null, '0', '2', '7', '161.0000');
INSERT INTO `system_limit` VALUES ('170', '漂流书列表', null, '0', '2', '8', '170.0000');
INSERT INTO `system_limit` VALUES ('171', '漂流书历史列表', null, '0', '2', '8', '171.0000');
INSERT INTO `system_limit` VALUES ('180', '客户端每日寄语管理', null, '0', '2', '9', '180.0000');
INSERT INTO `system_limit` VALUES ('181', '客户端皮肤管理', null, '0', '2', '9', '181.0000');
INSERT INTO `system_limit` VALUES ('182', '客户端版本管理', null, '0', '2', '9', '182.0000');
INSERT INTO `system_limit` VALUES ('190', '管理员列表', null, '0', '2', '10', '190.0000');
INSERT INTO `system_limit` VALUES ('191', '用户组管理', null, '0', '2', '10', '191.0000');
INSERT INTO `system_limit` VALUES ('192', '数据缓存管理', null, '0', '2', '10', '192.0000');
INSERT INTO `system_limit` VALUES ('193', 'Session缓存管理', null, '0', '2', '10', '193.0000');
INSERT INTO `system_limit` VALUES ('194', '错误日志', null, '0', '2', '10', '194.0000');
INSERT INTO `system_limit` VALUES ('200', '书籍统计-日', null, '0', '2', '11', '200.0000');
INSERT INTO `system_limit` VALUES ('201', '书籍统计-月', null, '0', '2', '11', '201.0000');
INSERT INTO `system_limit` VALUES ('202', '书籍分类统计-日', null, '0', '2', '11', '202.0000');
INSERT INTO `system_limit` VALUES ('203', '书籍分类统计-月', null, '0', '2', '11', '203.0000');
INSERT INTO `system_limit` VALUES ('204', '标签统计-日', null, '0', '2', '11', '204.0000');
INSERT INTO `system_limit` VALUES ('205', '标签统计-月', null, '0', '2', '11', '205.0000');
INSERT INTO `system_limit` VALUES ('206', '订单列表', null, '0', '2', '13', '206.0000');
INSERT INTO `system_limit` VALUES ('210', '账户', null, '0', '2', '12', '210.0000');
INSERT INTO `system_limit` VALUES ('211', '账户变更记录', null, '0', '2', '12', '211.0000');
INSERT INTO `system_limit` VALUES ('1000001', '书籍统计导出excel-月', '/count/BookCountAction-exportExcelByMonth', '0', '3', '201', '1000.0000');
INSERT INTO `system_limit` VALUES ('1000002', '清除Session缓存', '/system/SessionCacheAction-doFlushCache', '0', '3', '193', '1000.0000');
INSERT INTO `system_limit` VALUES ('1000003', '查询Session缓存', '/system/SessionCacheAction-showCache', '0', '3', '193', '1000.0000');
INSERT INTO `system_limit` VALUES ('1000004', '首页', '/index', '1', '1', '-1', null);
INSERT INTO `system_limit` VALUES ('1000012', '跳转到添加页面', '/books/BookInfoAction-toAdd', '0', '3', '116', '1000.0000');
INSERT INTO `system_limit` VALUES ('1000013', '跳转到查看详情页面', '/books/BookInfoAction-toDetail', '0', '3', '116', '1000.0000');
INSERT INTO `system_limit` VALUES ('1000014', '跳转到修改页面', '/books/BookInfoAction-toModify', '0', '3', '116', '1000.0000');
INSERT INTO `system_limit` VALUES ('1000015', '删除', '/books/BookInfoAction-doDelete', '0', '3', '116', '1000.0000');
INSERT INTO `system_limit` VALUES ('1000016', '添加', '/books/BookInfoAction-doAdd', '0', '3', '116', '1000.0000');
INSERT INTO `system_limit` VALUES ('1000017', '修改', '/books/BookInfoAction-doModify', '0', '3', '116', '1000.0000');
INSERT INTO `system_limit` VALUES ('1000018', '新书资讯列表', '/books/BookInfoAction-showBookInfoList', '0', '3', '116', '1000.0000');
INSERT INTO `system_limit` VALUES ('1001765', '书籍统计导出excel-日', '/count/BookCountAction-exportExcelByDate', '0', '2', '200', '1000.0000');
INSERT INTO `system_limit` VALUES ('1001766', '批量设置活跃用户', '/sns/ActiveUserAction-batchModifyActiveUser', '0', '3', '137', '1000.0000');
INSERT INTO `system_limit` VALUES ('1001767', '书籍统计列表-日', '/count/BookCountAction-showBookCountListByDay', '0', '3', '200', '1000.0000');
INSERT INTO `system_limit` VALUES ('1001768', '删除客户端皮肤', '/client/ClientSkinAction-doDeleteClientSkinById', '0', '3', '181', '1000.0000');
INSERT INTO `system_limit` VALUES ('1001769', '删除用户组', '/system/AdminGroupAction-deleteAdminGroup', '0', '3', '191', '1000.0000');
INSERT INTO `system_limit` VALUES ('1001770', '书籍分类统计-日', '/count/BookCatalogCountAction-showBookCatalogCountListByDay', '0', '3', '202', '1000.0000');
INSERT INTO `system_limit` VALUES ('1001771', '查看作者详情', '/books/AuthorManager-showAuthorDetail', '0', '3', '112', '1000.0000');
INSERT INTO `system_limit` VALUES ('1001772', '删除博客', '/sns/BlogAction-deleteBlog', '0', '3', '130', '1000.0000');
INSERT INTO `system_limit` VALUES ('1001773', 'cp上架管理', '/books/StackManager-onStack', '0', '3', '111', '1000.0000');
INSERT INTO `system_limit` VALUES ('1001774', '显示听书详情', '/onlinelisten/ListenBookManagerAction-showBookDetail', '0', '3', '120', '1000.0000');
INSERT INTO `system_limit` VALUES ('1001775', '显示每日寄语详情', '/client/ClientCoveryMsgAction-showCoveryMsgDetail', '0', '3', '180', '1000.0000');
INSERT INTO `system_limit` VALUES ('1001776', '跳转到书籍分类修改页面', '/catalog/CatalogAction-toModify', '0', '3', '140', '1000.0000');
INSERT INTO `system_limit` VALUES ('1001777', '跳转到修改cp用户页面', '/books/CpUserManager-modifyCpUserIndex', '0', '3', '114', '1000.0000');
INSERT INTO `system_limit` VALUES ('1001778', '删除专题书籍关联关系', '/promotion/PromotionBookRelationAction-doDeletePromotionBookRelation', '0', '3', '150', '1000.0000');
INSERT INTO `system_limit` VALUES ('1001779', '添加笔记', '/sns/BlogAction-insertNote', '0', '3', '133', '1000.0000');
INSERT INTO `system_limit` VALUES ('1001780', '查看标签详情', '/count/ShowStatLabelListAction-showStatLabelInfo', '0', '2', '11', '1000.0000');
INSERT INTO `system_limit` VALUES ('1001781', '删除专题', '/promotion/PromotionAction-deletePromotions', '0', '3', '150', '1000.0000');
INSERT INTO `system_limit` VALUES ('1001782', '书籍分类统计-月', '/count/BookCatalogCountAction-showBookCatalogCountListByMonth', '0', '3', '203', '1000.0000');
INSERT INTO `system_limit` VALUES ('1001783', '查找书籍统计-日', '/count/BookCountAction-searchBookCountListByDay', '0', '3', '200', '1000.0000');
INSERT INTO `system_limit` VALUES ('1001784', 'page', '/drm/DrmPackage-page', '0', '3', '13', '1000.0000');
INSERT INTO `system_limit` VALUES ('1001785', '用户列表', '/system/UserAction-showUserList', '0', '3', '190', '1000.0000');
INSERT INTO `system_limit` VALUES ('1001787', '跳转到修改页面', '/sns/ActiveUserAction-toModifyActiveUser', '0', '3', '137', '1000.0000');
INSERT INTO `system_limit` VALUES ('1001788', '跳转到客户端皮肤修改页面', '/client/ClientSkinAction-toModifyClientSkin', '0', '3', '181', '1000.0000');
INSERT INTO `system_limit` VALUES ('1001789', '显示书籍详情', '/books/BookManager-showBookDetail', '0', '3', '111', '1000.0000');
INSERT INTO `system_limit` VALUES ('1001790', '用户反馈列表', '/users/SuggestAction-showSuggestList', '0', '3', '101', '1000.0000');
INSERT INTO `system_limit` VALUES ('1001791', '博客评论审核', '/sns/BlogDiscussAction-examineBlogDiscuss', '0', '3', '135', '1000.0000');
INSERT INTO `system_limit` VALUES ('1001792', '添加CP用户', '/books/CpUserManager-insertCpUser', '0', '3', '114', '1000.0000');
INSERT INTO `system_limit` VALUES ('1001793', '添加客户端每日寄语', '/client/ClientCoveryMsgAction-doInsertCoveryMsg', '0', '3', '180', '1000.0000');
INSERT INTO `system_limit` VALUES ('1001794', '用户组列表', '/system/AdminGroupAction-showAdminGroupList', '0', '3', '191', '1000.0000');
INSERT INTO `system_limit` VALUES ('1001795', 'CP消息管理查看', '/books/CpBookAction-showCpSuggestList', '0', '3', '113', '1000.0000');
INSERT INTO `system_limit` VALUES ('1001796', '听书章节详情', '/onlinelisten/ListenChapterManagerAction-showChapterDetail', '0', '3', '120', '1000.0000');
INSERT INTO `system_limit` VALUES ('1001797', '后台添加书摘', '/sns/BlogAction-toInsertSummar', '0', '3', '134', '1000.0000');
INSERT INTO `system_limit` VALUES ('1001798', '查看详情', '/users/SuggestAction-showSuggestDetail', '0', '3', '101', '1000.0000');
INSERT INTO `system_limit` VALUES ('1001800', 'returnXml', '/returnXml', '1', '3', '13', '1000.0000');
INSERT INTO `system_limit` VALUES ('1001801', '保存听书章节修改', '/onlinelisten/ListenChapterManagerAction-saveChapterModify', '0', '3', '120', '1000.0000');
INSERT INTO `system_limit` VALUES ('1001802', '删除书籍分类', '/catalog/CatalogAction-deleteCatalog', '0', '3', '140', '1000.0000');
INSERT INTO `system_limit` VALUES ('1001803', '修改所有书籍分类', '/catalog/CatalogAction-updateBookCatalog', '0', '3', '140', '1000.0000');
INSERT INTO `system_limit` VALUES ('1001805', '删除CP用户', '/books/CpUserManager-deleteCpUser', '0', '3', '114', '1000.0000');
INSERT INTO `system_limit` VALUES ('1001806', '发布图书', '/books/BookManager-publishBook', '0', '3', '111', '1000.0000');
INSERT INTO `system_limit` VALUES ('1001807', '修改专题', '/promotion/PromotionAction-doModifyPromotion', '0', '3', '150', '1000.0000');
INSERT INTO `system_limit` VALUES ('1001808', '显示专题关联书籍列表', '/promotion/PromotionBooksAction-showBookList', '0', '3', '150', '1000.0000');
INSERT INTO `system_limit` VALUES ('1001809', '跳转到客户端皮肤添加页面', '/client/ClientSkinAction-toInsertClientSkin', '0', '3', '181', '1000.0000');
INSERT INTO `system_limit` VALUES ('1001810', '跳转到修密码户页面', '/system/UserAction-toModifyPwd', '1', '3', '190', '1000.0000');
INSERT INTO `system_limit` VALUES ('1001811', '跳转到书籍分类添加页面', '/catalog/CatalogAction-toAdd', '0', '3', '140', '1000.0000');
INSERT INTO `system_limit` VALUES ('1001812', '添加漂流书', '/around/AroundBookManagerAction-addAroundBook', '0', '3', '170', '1000.0000');
INSERT INTO `system_limit` VALUES ('1001813', '跳转到修改', '/around/AroundBookManagerAction-toAroundBookModify', '0', '3', '170', '1000.0000');
INSERT INTO `system_limit` VALUES ('1001814', '查看标签详情', '/label/LabelManagerAction-showLabelInfo', '0', '2', '7', '1000.0000');
INSERT INTO `system_limit` VALUES ('1001816', '添加书摘', '/sns/BlogAction-insertSummary', '0', '3', '134', '1000.0000');
INSERT INTO `system_limit` VALUES ('1001817', '保存CP分类关联修改', '/catalog/CpCatalogRelationManager-saveCpCatalogRelationModify', '0', '3', '141', '1000.0000');
INSERT INTO `system_limit` VALUES ('1001818', '修改', '/users/SuggestAction-doModifySuggest', '0', '3', '101', '1000.0000');
INSERT INTO `system_limit` VALUES ('1001819', '查询书籍分类列表', '/catalog/CatalogAction-showCatalogList', '0', '3', '140', '1000.0000');
INSERT INTO `system_limit` VALUES ('1001820', '标签选择器', '/label/LabelAction-labelSelector', '1', '2', '7', '1000.0000');
INSERT INTO `system_limit` VALUES ('1001821', '修改标签排序', '/label/LabelManagerAction-labelSortModify', '0', '2', '7', '1000.0000');
INSERT INTO `system_limit` VALUES ('1001822', '显示听书章节列表', '/onlinelisten/ListenChapterManagerAction-showChapterList', '0', '3', '120', '1000.0000');
INSERT INTO `system_limit` VALUES ('1001823', '退出', '/doLogout', '1', '3', '13', '1000.0000');
INSERT INTO `system_limit` VALUES ('1001824', '保存听书专题修改', '/onlinelisten/ListenPromotionManagerAction-savePromotionModify', '0', '3', '121', '1000.0000');
INSERT INTO `system_limit` VALUES ('1001825', '显示CP分类关联详情', '/catalog/CpCatalogRelationManager-showCpCatalogRelationDetail', '0', '3', '141', '1000.0000');
INSERT INTO `system_limit` VALUES ('1001826', '查询客户端版本', '/client/ClientVersionAction-showClientVersionList', '0', '3', '182', '1000.0000');
INSERT INTO `system_limit` VALUES ('1001827', '删除指定用户头像', '/users/UserAction-doDeleteUserHeadImg', '0', '3', '100', '1000.0000');
INSERT INTO `system_limit` VALUES ('1001828', '推荐', '/sns/BlogAction-recommendBlog', '0', '3', '130', '1000.0000');
INSERT INTO `system_limit` VALUES ('1001829', '删除客户端每日寄语', '/client/ClientCoveryMsgAction-doDeleteCoveryMsgById', '0', '3', '180', '1000.0000');
INSERT INTO `system_limit` VALUES ('1001830', 'CP用户列表', '/books/CpUserManager-showCpUserList', '0', '3', '114', '1000.0000');
INSERT INTO `system_limit` VALUES ('1001831', '登录', '/doLogin', '1', '3', '13', '1000.0000');
INSERT INTO `system_limit` VALUES ('1001832', '跳转到专题添加页面', '/promotion/PromotionAction-toInsertPromotion', '0', '3', '150', '1000.0000');
INSERT INTO `system_limit` VALUES ('1001833', '漂流书历史列表', '/around/AroundBookHistoryAction-showAroundBookHistoryList', '0', '3', '171', '1000.0000');
INSERT INTO `system_limit` VALUES ('1001834', '活跃用户管理列表', '/sns/ActiveUserAction-showActiveUserList', '0', '3', '137', '1000.0000');
INSERT INTO `system_limit` VALUES ('1001835', '显示专题列表', '/promotion/PromotionAction-showPromotionList', '0', '3', '150', '1000.0000');
INSERT INTO `system_limit` VALUES ('1001836', '显示书籍章节详情', '/books/ChapterManager-showChapterDetail', '0', '3', '111', '1000.0000');
INSERT INTO `system_limit` VALUES ('1001837', '删除CP分类关联关系', '/catalog/CpCatalogRelationManager-deleteCpCatalogRelation', '0', '3', '141', '1000.0000');
INSERT INTO `system_limit` VALUES ('1001838', '修改活跃用户', '/sns/ActiveUserAction-doModifyActiveUser', '0', '3', '137', '1000.0000');
INSERT INTO `system_limit` VALUES ('1001839', '跳转到修改专题书籍关联关系页面', '/promotion/PromotionBookRelationAction-toModifyPromotionBookRelation', '0', '3', '150', '1000.0000');
INSERT INTO `system_limit` VALUES ('1001840', '漂流书列表', '/around/AroundBookAction-showAroundBookList', '0', '3', '170', '1000.0000');
INSERT INTO `system_limit` VALUES ('1001841', '跳转到客户端每日寄语修改页面', '/client/ClientCoveryMsgAction-toModifyCoveryMsg', '0', '3', '180', '1000.0000');
INSERT INTO `system_limit` VALUES ('1001842', '修改密码', '/system/UserAction-doModifyPwd', '1', '3', '190', '1000.0000');
INSERT INTO `system_limit` VALUES ('1001843', '跳转到书籍源修改页面', '/books/BookSourceChapterManager-modifyBookSourceChapterIndex', '0', '3', '110', '1000.0000');
INSERT INTO `system_limit` VALUES ('1001844', '修改用户', '/system/UserAction-doModifyUser', '0', '3', '190', '1000.0000');
INSERT INTO `system_limit` VALUES ('1001845', '查看用户详情', '/users/UserAction-showUserDetail', '0', '3', '100', '1000.0000');
INSERT INTO `system_limit` VALUES ('1001846', '修改书籍章节详情', '/books/ChapterManager-modifyChapterDetail', '0', '3', '111', '1000.0000');
INSERT INTO `system_limit` VALUES ('1001847', '删除热门标签', '/label/LabelManagerAction-delHotLabel', '0', '3', '161', '1000.0000');
INSERT INTO `system_limit` VALUES ('1001849', '添加用户', '/system/UserAction-doAddUser', '0', '3', '190', '1000.0000');
INSERT INTO `system_limit` VALUES ('1001850', '跳转到修改用户组页面', '/system/AdminGroupAction-toModifyAdminGroup', '0', '3', '191', '1000.0000');
INSERT INTO `system_limit` VALUES ('1001852', 'cp下架', '/books/StackManager-downStack', '0', '3', '111', '1000.0000');
INSERT INTO `system_limit` VALUES ('1001853', '删除听书图书', '/onlinelisten/ListenBookManagerAction-deleteBook', '0', '3', '120', '1000.0000');
INSERT INTO `system_limit` VALUES ('1001855', '新增CP分类关联', '/catalog/CpCatalogRelationManager-insertCpCatalogRelation', '0', '3', '141', '1000.0000');
INSERT INTO `system_limit` VALUES ('1001856', '删除书籍源章节', '/books/BookSourceChapterManager-deleteBookSourceChapter', '0', '3', '110', '1000.0000');
INSERT INTO `system_limit` VALUES ('1001857', '跳转到修改用户页面', '/system/UserAction-toModifyUser', '0', '3', '190', '1000.0000');
INSERT INTO `system_limit` VALUES ('1001858', '保存听书专题新增', '/onlinelisten/ListenPromotionManagerAction-savePromotionAdd', '0', '3', '121', '1000.0000');
INSERT INTO `system_limit` VALUES ('1001859', '用户列表', '/users/UserAction-showUserList', '0', '3', '100', '1000.0000');
INSERT INTO `system_limit` VALUES ('1001860', '修改', '/sns/BlogAction-doModifyBlog', '0', '3', '130', '1000.0000');
INSERT INTO `system_limit` VALUES ('1001861', '听书专题修改详情', '/onlinelisten/ListenPromotionManagerAction-modifyPromotionDetail', '0', '3', '121', '1000.0000');
INSERT INTO `system_limit` VALUES ('1001862', '查看用户组详情', '/system/AdminGroupAction-toShowAdminGroupDetail', '0', '3', '191', '1000.0000');
INSERT INTO `system_limit` VALUES ('1001863', '删除书籍章节', '/books/ChapterManager-deleteChapter', '0', '3', '111', '1000.0000');
INSERT INTO `system_limit` VALUES ('1001864', '修改客户端版本', '/client/ClientVersionAction-doModifyClientVersion', '0', '3', '182', '1000.0000');
INSERT INTO `system_limit` VALUES ('1001865', '查询书源章节', '/books/BookSourceChapterManager-searchBookSourceChapter', '0', '3', '110', '1000.0000');
INSERT INTO `system_limit` VALUES ('1001866', '删除图书', '/books/BookManager-deleteBook', '0', '3', '111', '1000.0000');
INSERT INTO `system_limit` VALUES ('1001867', '跳转到添加书籍源', '/books/BookSourceManager-insertBookSourceIndex', '0', '3', '110', '1000.0000');
INSERT INTO `system_limit` VALUES ('1001868', '添加客户端版本', '/client/ClientVersionAction-doInsertClientVersion', '0', '3', '182', '1000.0000');
INSERT INTO `system_limit` VALUES ('1001869', '标签统计导出excel', '/count/ShowStatLabelListAction-checkOutDate', '0', '2', '11', '1000.0000');
INSERT INTO `system_limit` VALUES ('1001870', '添加书评', '/sns/BlogAction-insertDiscuss', '0', '3', '132', '1000.0000');
INSERT INTO `system_limit` VALUES ('1001871', '添加书籍源', '/books/BookSourceManager-insertBookSource', '0', '3', '110', '1000.0000');
INSERT INTO `system_limit` VALUES ('1001872', '删除客户端版本', '/client/ClientVersionAction-doDeleteClientVersionById', '0', '3', '182', '1000.0000');
INSERT INTO `system_limit` VALUES ('1001873', '添加客户端皮肤', '/client/ClientSkinAction-doInsertClientSkin', '0', '3', '181', '1000.0000');
INSERT INTO `system_limit` VALUES ('1001874', '修改作者', '/books/AuthorManager-modifyAuthor', '0', '3', '112', '1000.0000');
INSERT INTO `system_limit` VALUES ('1001875', '跳转到添加作者页面', '/books/AuthorManager-insertAuthorIndex', '0', '3', '112', '1000.0000');
INSERT INTO `system_limit` VALUES ('1001876', '添加博客', '/sns/BlogAction-insertBlog', '0', '3', '131', '1000.0000');
INSERT INTO `system_limit` VALUES ('1001879', '新增书籍章节详情', '/books/ChapterManager-addChapterDetail', '0', '3', '111', '1000.0000');
INSERT INTO `system_limit` VALUES ('1001880', '保存书籍修改', '/books/BookManager-saveBookModify', '0', '3', '111', '1000.0000');
INSERT INTO `system_limit` VALUES ('1001881', '作者列表', '/books/AuthorManager-showAuthorList', '0', '3', '112', '1000.0000');
INSERT INTO `system_limit` VALUES ('1001882', '用户博客列表', '/sns/BlogAction-showBlogList', '0', '3', '130', '1000.0000');
INSERT INTO `system_limit` VALUES ('1001883', '跳转到博客修改页面', '/sns/BlogDiscussAction-toModifyBlogDiscuss', '0', '3', '135', '1000.0000');
INSERT INTO `system_limit` VALUES ('1001884', '跳转到书籍源发布页面', '/books/BookSourceManager-publishBookSourceIndex', '0', '3', '110', '1000.0000');
INSERT INTO `system_limit` VALUES ('1001885', '热门标签列表', '/label/LabelListAction-showHotLabelList', '0', '3', '160', '1000.0000');
INSERT INTO `system_limit` VALUES ('1001886', '删除听书专题', '/onlinelisten/ListenPromotionManagerAction-deletePromotion', '0', '3', '121', '1000.0000');
INSERT INTO `system_limit` VALUES ('1001887', '删除客户端每日寄语', '/client/ClientCoveryMsgAction-doDeleteCoveryMsg', '0', '3', '180', '1000.0000');
INSERT INTO `system_limit` VALUES ('1001888', '新增听书章节详情', '/onlinelisten/ListenChapterManagerAction-addChapterDetail', '0', '3', '120', '1000.0000');
INSERT INTO `system_limit` VALUES ('1001889', '修改书籍源', '/books/BookSourceManager-modifyBookSource', '0', '3', '110', '1000.0000');
INSERT INTO `system_limit` VALUES ('1001890', '后台添加书评', '/sns/BlogAction-toInsertDiscuss', '0', '3', '132', '1000.0000');
INSERT INTO `system_limit` VALUES ('1001891', '修改书籍详情', '/books/BookManager-modifyBookDetail', '0', '3', '111', '1000.0000');
INSERT INTO `system_limit` VALUES ('1001892', '删除客户端版本', '/client/ClientVersionAction-doDeleteClientVersion', '0', '3', '182', '1000.0000');
INSERT INTO `system_limit` VALUES ('1001893', '查看详情', '/around/AroundBookManagerAction-showAroundBookInfo', '0', '3', '170', '1000.0000');
INSERT INTO `system_limit` VALUES ('1001894', '查看书籍源详情', '/books/BookSourceManager-showBookSourceDetail', '0', '3', '110', '1000.0000');
INSERT INTO `system_limit` VALUES ('1001895', '跳转到专题修改页面', '/promotion/PromotionAction-toModifyPromotion', '0', '3', '150', '1000.0000');
INSERT INTO `system_limit` VALUES ('1001896', '添加专题', '/promotion/PromotionAction-doInsertPromotion', '0', '3', '150', '1000.0000');
INSERT INTO `system_limit` VALUES ('1001897', '书籍源章节列表', '/books/BookSourceChapterManager-showBookSourceChapterList', '0', '3', '110', '1000.0000');
INSERT INTO `system_limit` VALUES ('1001898', '显示书籍章节列表', '/books/ChapterManager-showChapterList', '0', '3', '111', '1000.0000');
INSERT INTO `system_limit` VALUES ('1001899', '展示书籍统计-月', '/count/BookCountAction-showBookCountListByMonth', '0', '3', '201', '1000.0000');
INSERT INTO `system_limit` VALUES ('1001900', '导出书籍源excel', '/books/BookSourceManager-exportBookSourceExcel', '0', '3', '110', '1000.0000');
INSERT INTO `system_limit` VALUES ('1001901', '删除', '/users/SuggestAction-doDeleteSuggest', '0', '3', '101', '1000.0000');
INSERT INTO `system_limit` VALUES ('1001902', '清除数据缓存', '/system/DataCacheAction-doFlushCache', '0', '3', '192', '1000.0000');
INSERT INTO `system_limit` VALUES ('1001904', '修改听书章节详情', '/onlinelisten/ListenChapterManagerAction-modifyChapterDetail', '0', '3', '120', '1000.0000');
INSERT INTO `system_limit` VALUES ('1001905', '修改博客评论', '/sns/BlogDiscussAction-doModifyBlogDiscuss', '0', '3', '135', '1000.0000');
INSERT INTO `system_limit` VALUES ('1001906', '添加专题书籍关联关系', '/promotion/PromotionBookRelationAction-doInsertPromotionBookRelation', '0', '3', '150', '1000.0000');
INSERT INTO `system_limit` VALUES ('1001907', '修改CP用户', '/books/CpUserManager-modifyCpUser', '0', '3', '114', '1000.0000');
INSERT INTO `system_limit` VALUES ('1001909', '书籍分类统计导出excel-日', '/count/BookCatalogCountAction-exportExcelByDate', '0', '3', '202', '1000.0000');
INSERT INTO `system_limit` VALUES ('1001910', '修改书源章节', '/books/BookSourceChapterManager-modifyBookSourceChapter', '0', '3', '110', '1000.0000');
INSERT INTO `system_limit` VALUES ('1001911', '显示客户端皮肤详情', '/client/ClientSkinAction-showClientSkinDetail', '0', '3', '181', '1000.0000');
INSERT INTO `system_limit` VALUES ('1001912', '显示听书专题详情', '/onlinelisten/ListenPromotionManagerAction-showPromotionDetail', '0', '3', '121', '1000.0000');
INSERT INTO `system_limit` VALUES ('1001913', '显示听书专题列表', '/onlinelisten/ListenPromotionManagerAction-showPromotionList', '0', '3', '121', '1000.0000');
INSERT INTO `system_limit` VALUES ('1001914', '显示CP分类关联修改详情', '/catalog/CpCatalogRelationManager-modifyCpCatalogRelationDetail', '0', '3', '141', '1000.0000');
INSERT INTO `system_limit` VALUES ('1001915', '添加热门标签', '/label/LabelManagerAction-addHotLabel', '0', '3', '160', '1000.0000');
INSERT INTO `system_limit` VALUES ('1001916', '跳转到修改用户页面', '/users/UserAction-toModifyUser', '0', '3', '100', '1000.0000');
INSERT INTO `system_limit` VALUES ('1001917', '添加标签', '/label/LabelAction-insertLabel', '0', '3', '160', '1000.0000');
INSERT INTO `system_limit` VALUES ('1001918', '书籍源列表', '/books/BookSourceManager-showBookSourceList', '0', '3', '110', '1000.0000');
INSERT INTO `system_limit` VALUES ('1001920', '删除书籍源', '/books/BookSourceManager-deleteBookSource', '0', '3', '110', '1000.0000');
INSERT INTO `system_limit` VALUES ('1001921', '跳转到CP分类关联新增', '/catalog/CpCatalogRelationManager-gotoInsert', '0', '3', '141', '1000.0000');
INSERT INTO `system_limit` VALUES ('1001922', '跳转到插入书籍源章节页面', '/books/BookSourceChapterManager-insertBookSourceChapterIndex', '0', '3', '110', '1000.0000');
INSERT INTO `system_limit` VALUES ('1001923', '书籍类别统计查找-日', '/count/BookCatalogCountAction-searchCatalogCountListByDay', '0', '3', '202', '1000.0000');
INSERT INTO `system_limit` VALUES ('1001925', '跳转到修改作者页面', '/books/AuthorManager-modifyAuthorIndex', '0', '3', '112', '1000.0000');
INSERT INTO `system_limit` VALUES ('1001926', '书籍分类统计导出excel-月', '/count/BookCatalogCountAction-exportExcelByMonth', '0', '3', '203', '1000.0000');
INSERT INTO `system_limit` VALUES ('1001927', '修改书籍分类', '/catalog/CpCatalogRelationManager-updateBookCatalog', '0', '3', '141', '1000.0000');
INSERT INTO `system_limit` VALUES ('1001928', '查看CP用户详情', '/books/CpUserManager-showCpUserDetail', '0', '3', '114', '1000.0000');
INSERT INTO `system_limit` VALUES ('1001929', '修改所有书籍分类', '/catalog/CatalogAutoManager-autoModifyCatalog', '0', '3', '141', '1000.0000');
INSERT INTO `system_limit` VALUES ('1001930', '保存新增听书章节', '/onlinelisten/ListenChapterManagerAction-saveChapterAdd', '0', '3', '120', '1000.0000');
INSERT INTO `system_limit` VALUES ('1001931', '修改专题书籍关联关系', '/promotion/PromotionBookRelationAction-doModifyPromotionBookRelation', '0', '3', '150', '1000.0000');
INSERT INTO `system_limit` VALUES ('1001932', '执行建议', '/books/CpBookAction-executeCpSuggest', '0', '3', '113', '1000.0000');
INSERT INTO `system_limit` VALUES ('1001933', '后台添加笔记', '/sns/BlogAction-toInsertNote', '0', '3', '133', '1000.0000');
INSERT INTO `system_limit` VALUES ('1001934', '添加书籍源章节', '/books/BookSourceChapterManager-insertBookSourceChapter', '0', '3', '110', '1000.0000');
INSERT INTO `system_limit` VALUES ('1001935', '保存新增书籍章节', '/books/ChapterManager-saveChapterAdd', '0', '3', '111', '1000.0000');
INSERT INTO `system_limit` VALUES ('1001936', '产看CP书籍详情', '/books/CpBookAction-showCpBookDetail', '0', '3', '113', '1000.0000');
INSERT INTO `system_limit` VALUES ('1001937', '删除博客评论', '/sns/BlogDiscussAction-deleteBlogDiscuss', '0', '3', '135', '1000.0000');
INSERT INTO `system_limit` VALUES ('1001938', '博客评论管理', '/sns/BlogDiscussAction-showBlogDiscussList', '0', '3', '135', '1000.0000');
INSERT INTO `system_limit` VALUES ('1001939', '保存书籍章节修改', '/books/ChapterManager-saveChapterModify', '0', '3', '111', '1000.0000');
INSERT INTO `system_limit` VALUES ('1001940', '修改', '/around/AroundBookManagerAction-updateAroundBook', '0', '3', '170', '1000.0000');
INSERT INTO `system_limit` VALUES ('1001941', '查找书籍统计-月', '/count/BookCountAction-searchBookCountListByYear', '0', '3', '201', '1000.0000');
INSERT INTO `system_limit` VALUES ('1001942', '标签统计-日', '/count/ShowStatLabelListAction-showStatLabelDayList', '0', '3', '204', '1000.0000');
INSERT INTO `system_limit` VALUES ('1001943', '删除专题', '/promotion/PromotionAction-deletePromotion', '0', '3', '150', '1000.0000');
INSERT INTO `system_limit` VALUES ('1001944', '书籍源查找', '/books/BookSourceManager-searchBookSource', '0', '3', '110', '1000.0000');
INSERT INTO `system_limit` VALUES ('1001945', '显示听书书籍列表', '/onlinelisten/ListenBookManagerAction-showBookList', '0', '3', '120', '1000.0000');
INSERT INTO `system_limit` VALUES ('1001946', '查询数据缓存', '/system/DataCacheAction-showCache', '0', '3', '192', '1000.0000');
INSERT INTO `system_limit` VALUES ('1001947', '添加用户组', '/system/AdminGroupAction-addAdminGroup', '0', '3', '191', '1000.0000');
INSERT INTO `system_limit` VALUES ('1001948', '跳转到添加用户组页面', '/system/AdminGroupAction-toAddAdminGroup', '0', '3', '191', '1000.0000');
INSERT INTO `system_limit` VALUES ('1001949', '跳转到编辑页面', '/sns/BlogAction-toModifyBlog', '0', '3', '130', '1000.0000');
INSERT INTO `system_limit` VALUES ('1001950', '后台添加博客', '/sns/BlogAction-toInsertBlog', '0', '3', '131', '1000.0000');
INSERT INTO `system_limit` VALUES ('1001951', '添加书籍分类', '/catalog/CatalogAction-addCatalog', '0', '3', '140', '1000.0000');
INSERT INTO `system_limit` VALUES ('1001952', '审核', '/sns/BlogAction-showBlogDetail', '0', '3', '130', '1000.0000');
INSERT INTO `system_limit` VALUES ('1001953', '跳转到添加CP用户页面', '/books/CpUserManager-insertCpUserIndex', '0', '3', '114', '1000.0000');
INSERT INTO `system_limit` VALUES ('1001954', '修改用户', '/users/UserAction-doModifyUser', '0', '3', '100', '1000.0000');
INSERT INTO `system_limit` VALUES ('1001955', '跳转到客户端每日寄语添加页面', '/client/ClientCoveryMsgAction-toInsertCoveryMsg', '0', '3', '180', '1000.0000');
INSERT INTO `system_limit` VALUES ('1001956', '推荐', '/sns/BlogAction-examineBlog', '0', '3', '130', '1000.0000');
INSERT INTO `system_limit` VALUES ('1001957', '显示客户端皮肤列表', '/client/ClientSkinAction-showClientSkinList', '0', '3', '181', '1000.0000');
INSERT INTO `system_limit` VALUES ('1001958', '跳转到客户端版本添加页面', '/client/ClientVersionAction-toInsertClientVersion', '0', '3', '182', '1000.0000');
INSERT INTO `system_limit` VALUES ('1001959', '实时更新书名拼音', '/books/BookManager-makePy', '0', '3', '111', '1000.0000');
INSERT INTO `system_limit` VALUES ('1001960', '保存听书修改', '/onlinelisten/ListenBookManagerAction-saveBookModify', '0', '3', '120', '1000.0000');
INSERT INTO `system_limit` VALUES ('1001961', '修改书籍分类', '/catalog/CatalogAction-modifyCatalog', '0', '3', '140', '1000.0000');
INSERT INTO `system_limit` VALUES ('1001962', '显示专题书籍关联关系列表', '/promotion/PromotionBookRelationAction-showPromotionBookRelationList', '0', '3', '150', '1000.0000');
INSERT INTO `system_limit` VALUES ('1001963', '修改客户端皮肤', '/client/ClientSkinAction-doModifyClientSkin', '0', '3', '181', '1000.0000');
INSERT INTO `system_limit` VALUES ('1001964', '书籍类别统计查找-月', '/count/BookCatalogCountAction-searchCatalogCountListByMonth', '0', '3', '203', '1000.0000');
INSERT INTO `system_limit` VALUES ('1001965', 'toLogin', '/toLogin', '1', '3', '13', '1000.0000');
INSERT INTO `system_limit` VALUES ('1001966', '显示客户端版本详情', '/client/ClientVersionAction-showClientVersionDetail', '0', '3', '182', '1000.0000');
INSERT INTO `system_limit` VALUES ('1001967', '修改客户端每日寄语', '/client/ClientCoveryMsgAction-doModifyCoveryMsg', '0', '3', '180', '1000.0000');
INSERT INTO `system_limit` VALUES ('1001968', '跳转到书源修改页面', '/books/BookSourceManager-modifyBookSourceIndex', '0', '3', '110', '1000.0000');
INSERT INTO `system_limit` VALUES ('1001969', '跳转到添加用户页面', '/system/UserAction-toAddUser', '0', '3', '190', '1000.0000');
INSERT INTO `system_limit` VALUES ('1001970', '查找CP用户', '/books/CpUserManager-searchCpUser', '0', '3', '114', '1000.0000');
INSERT INTO `system_limit` VALUES ('1001971', '标签统计-月', '/count/ShowStatLabelListAction-showStatLabelMonthList', '0', '3', '205', '1000.0000');
INSERT INTO `system_limit` VALUES ('1001972', '审核、删除', '/around/AroundBookManagerAction-changeStatus', '0', '3', '170', '1000.0000');
INSERT INTO `system_limit` VALUES ('1001973', '跳转到客户端版本修改页面', '/client/ClientVersionAction-toModifyClientVersion', '0', '3', '182', '1000.0000');
INSERT INTO `system_limit` VALUES ('1001974', '书籍源发布', '/books/SmartManager-publishBookSource', '0', '3', '110', '1000.0000');
INSERT INTO `system_limit` VALUES ('1001975', '书籍选择器', '/books/BookManager-bookSelector', '0', '3', '111', '1000.0000');
INSERT INTO `system_limit` VALUES ('1001976', '显示CP分类关联列表', '/catalog/CpCatalogRelationManager-showCpCatalogRelationList', '0', '3', '141', '1000.0000');
INSERT INTO `system_limit` VALUES ('1001977', '用户关注管理', '/sns/FriendAction-showFriendList', '0', '3', '136', '1000.0000');
INSERT INTO `system_limit` VALUES ('1001978', '导出书籍源excel页面', '/books/BookSourceManager-exportBookSourceExcelIndex', '0', '3', '110', '1000.0000');
INSERT INTO `system_limit` VALUES ('1001979', '修改用户组', '/system/AdminGroupAction-modifyAdminGroup', '0', '3', '191', '1000.0000');
INSERT INTO `system_limit` VALUES ('1001980', '删除听书章节', '/onlinelisten/ListenChapterManagerAction-deleteChapter', '0', '3', '120', '1000.0000');
INSERT INTO `system_limit` VALUES ('1001981', '标签列表', '/label/LabelListAction-showLabelList', '0', '3', '161', '1000.0000');
INSERT INTO `system_limit` VALUES ('1001982', '显示书籍列表', '/books/BookManager-showBookList', '0', '3', '111', '1000.0000');
INSERT INTO `system_limit` VALUES ('1001983', 'toIndex', '/toIndex', '1', '3', '13', '1000.0000');
INSERT INTO `system_limit` VALUES ('1001984', '新增听书专题详情', '/onlinelisten/ListenPromotionManagerAction-addPromotionDetail', '0', '3', '121', '1000.0000');
INSERT INTO `system_limit` VALUES ('1001985', '验证码验证', '/obtainValidateCode', '1', '3', '13', '1000.0000');
INSERT INTO `system_limit` VALUES ('1001986', '显示专题详情', '/promotion/PromotionAction-showPromotionDetail', '0', '3', '150', '1000.0000');
INSERT INTO `system_limit` VALUES ('1001987', '查询作者', '/books/AuthorManager-searchAuthor', '0', '3', '112', '1000.0000');
INSERT INTO `system_limit` VALUES ('1001988', 'goBack', '/goBack', '1', '3', '13', '1000.0000');
INSERT INTO `system_limit` VALUES ('1001989', '放弃建议', '/books/CpBookAction-giveupCpSuggest', '0', '3', '113', '1000.0000');
INSERT INTO `system_limit` VALUES ('1001990', '删除作者', '/books/AuthorManager-deleteAuthor', '0', '3', '112', '1000.0000');
INSERT INTO `system_limit` VALUES ('1001991', '删除客户端皮肤', '/client/ClientSkinAction-doDeleteClientSkin', '0', '3', '181', '1000.0000');
INSERT INTO `system_limit` VALUES ('1001992', '添加作者', '/books/AuthorManager-insertAuthor', '0', '3', '112', '1000.0000');
INSERT INTO `system_limit` VALUES ('1001993', '批量上架图书', '/books/BookManager-upStackBooks', '0', '3', '111', '1000.0000');
INSERT INTO `system_limit` VALUES ('1001994', '取消推荐', '/sns/BlogAction-cancelRecommendBlog', '0', '3', '130', '1000.0000');
INSERT INTO `system_limit` VALUES ('1001995', '修改听书详情', '/onlinelisten/ListenBookManagerAction-modifyBookDetail', '0', '3', '120', '1000.0000');
INSERT INTO `system_limit` VALUES ('1001996', '显示客户端每日寄语列表', '/client/ClientCoveryMsgAction-showClientCoveryMsgList', '0', '3', '180', '1000.0000');
INSERT INTO `system_limit` VALUES ('1001997', '查询订单列表', '/orders/OrderAction-showOrderList', '0', '3', '206', null);
INSERT INTO `system_limit` VALUES ('1001998', '查询订单详情', '/orders/OrderAction-showOrderDetail', '0', '3', '206', null);
INSERT INTO `system_limit` VALUES ('1001999', '后台添加评论', '/sns/BlogDiscussAction-toInsertBlogDiscuss', '0', '3', '130', '1000.0000');
INSERT INTO `system_limit` VALUES ('1002001', '添加评论', '/sns/BlogDiscussAction-addBlogDiscuss', '0', '3', '130', '1000.0000');
INSERT INTO `system_limit` VALUES ('1100001', '账户列表', '/account/AccountAction-showAccountList', '0', '3', '210', '1000.0000');
INSERT INTO `system_limit` VALUES ('1100002', '账户变更记录列表', '/account/AccountActionAction-showAccountActionList', '0', '3', '211', '1000.0000');

-- ----------------------------
-- Table structure for `user`
-- ----------------------------
DROP TABLE IF EXISTS `user`;
CREATE TABLE `user` (
  `user_id` int(9) NOT NULL,
  `user_name` varchar(20) character set utf8 NOT NULL,
  `password` varchar(40) NOT NULL,
  PRIMARY KEY  (`user_id`)
) ENGINE=InnoDB DEFAULT CHARSET=latin1;

-- ----------------------------
-- Records of user
-- ----------------------------
INSERT INTO `user` VALUES ('1', '2', '2');
INSERT INTO `user` VALUES ('3', '4', '4');
